movie_id,yt_key
453395,Rt_UqUm38BI
338953,Rri7YmTmfoI
675353,sQuoffM1y-w
752623,awHyqJv3WKE
507086,PuzRfhlk8mU
526896,jLMBLuGJTsA
634649,iqyPvdsOWKk
639933,oMSdFM12hOw
508947,pqdHP2dWQ9M
705861,9dueaC-thEA
335787,eHp3MbsCbMg
414906,391277390
629542,m8Xt0yXaDPU
361743,qSqVVswa420
568124,togmdDHG3Pw
406759,QRbsmbr4HFM
420821,dK1CuXG7GMQ
284052,Lt-U_t2pUHI
585083,7AP86CYeR30
580489,_s4qXyZOJSQ
438695,EPZu5MA2uqI
763285,7NU-STboFeI
566525,giWIr7U1deA
774825,0vPHYRJtLYE
524434,0WVDKZJkGlY
460458,4q6UGCyHZCI
299536,sAOzrChqmd0
459151,QPzy8Ckza08
135397,RFinNxS5KN4
425909,BGq1chBbc30
351286,266EI7hdjFs
833425,GFvupyiNEz0
646385,beToTslH17s
324786,s2-1hz1juBI
696806,X9ebeNKkc08
585245,Qe4PKewYQbw
460465,jBa_aHwCbC4
476669,e82JHkkPw54
423108,h9Q4zZS2v1k
624860,wdskyfJtyt8
508943,YdAIBlPVe9s
19995,5PSNL1qE6VY
512195,T6l3mM7AWew
337404,gmRKv7n2If8
436969,A8tWKJwyG6Y
675445,LRMTr2VZcr8
744275,HXziHr0QfFQ
299534,hA6hldpSTF8
1865,t5AqJww06bw
545611,wxN1T1uxQ2g
399566,odM92ap8_c0
631843,eB1m-WogYeg
10195,JOddp-nlNvQ
550988,X2m-08cOAbc
24428,eOrNdBpGMv8
862,u9y2tXnjP_E
671,PbdM1db3JbY
672,1bq0qff4iF8
497698,RxAtuMu_ph4
926899,wqbZlAEUb5w
791373,lPjF9sJcj4A
385128,AvrW9mVE9qU
379686,ADo0ULPJbuo
529203,GkXeVIfbJOw
13811,A2oDiEVXuDo
527774,9BPMTr-NS9s
451048,D-io9u0Ac6I
588228,Ob4NC4D6zTU
673,R69laoH02xg
639721,4_JA4cG0Rp0
438631,n9xhJrPXop4
354912,zNCz4mQzfEI
99861,n312Tk09rxE
198663,64-iSYVmMVY
632357,NmQiJPLYzPI
863,xNWSGRD5CzU
674,PFWAOnvMd1Q
454626,szby7ZHLnkA
482321,fCqGfjBSk0I
581726,zI2qbr99H64
58,elqO-GNfStM
22,naQr0uTrH_s
285,HKSZtp_OGHY
106646,iszwuX1AK6A
14836,Js7wxoqeVK0
597208,k-qVV8zyVmI
522016,xugboHXcG94
613504,u5B76cpkbfU
474350,zqUopiAYdRg
400160,HfiH_526qhY
293660,FyKWUTwSYAs
637649,EFYEni2gsK0
284053,v7MGUNV8MxU
12445,mObK5XD8udk
76338,7p7rocHEecE
370172,NQkO0Shirl8
568620,fOzewsswtGM
585,cvOQeozL4S0
301528,LDXYRzerjzU
767,JYLdTuL9Wjw
811592,Et5Cgq1B2_g
118,FZkIlAEbHi4
522402,-0bYWnP3jH4
138843,Gb-jRz7HWqs
12444,Su1LOpjvdZ4
276907,bzkTbO78L5k
157336,827FNDpQWrQ
537915,2ZAdcWHuCmY
610253,rHhZDYVoV7w
24021,hZxJzhIPTTg
38234,v-9H1A66SxI
602223,xOrXpK-rUaI
8587,4sj1MT05lAA
270303,imwAmjTUOk4
808,HobeWN9DnsY
516329,IEM5HW7q5dY
520763,XEMwSdne6UE
166426,1xo3af_6_Jk
482373,gRbG2tjHYCA
429617,DYYtuKyMtY8
381284,RK8xHq6dfAo
315635,rk-dF1lIbIg
425,CZShn0PZiYU
587807,kP9TfCWaQT4
1930,upwf8RsyNqQ
675,y6ZW7KXaXYk
809,SL0nxoBqbxY
214756,S3AVcCggRnU
458576,09Ia7PGMGwk
7445,BvIj2H1ne0k
39254,s9aIuPSvXX8
615457,wZti8QKBWPo
508442,4TojlZYqPUo
348893,Lo-OXY1iXVU
10193,JcpWXaA2qeg
330457,eSLe4HuKuK0
360784,e5HvOjois-E
672582,wYh-iMHgcNA
464052,sfM7_JLk-84
383498,Z5ezsReZcxU
273481,7XLQ1bkSLDo
122917,ZSzeFFsKEt4
177572,vco0SpSz17g
10138,wKtcmiifycU
8966,uxjNDE2fMjI
617653,mgygUwPJvYk
259316,ViuDsy7yb8M
3933,AGACeWVdFqo
10674,wAbGAkkOgcM
2062,jOGDozdW9Yo
9820,32WeiH4TrIY
259693,KyA9AtUOqRM
68726,A85EtOalcsM
531219,9nlhmJF5FNI
271110,43NWzay3W4s
109445,-WdC4DaYIeQ
337167,GpAuCG6iUcA
102382,nbp3Ra3Yp74
550205,a_jLM4QP8HM
597,CHekzSiZjrY
38757,2f516ZLyC6U
32657,rNhV8dk6W2M
20352,hocFEDWUe7Q
23168,bhaqdlXm2ms
796499,OdbXnboJCVw
846214,K_PcaDs-tEc
420818,4CbLXeGSDxg
12,SPHfeNgogVs
404368,DIBw9dSVKdU
34851,N2jJOy8rzog
72545,IVX7OidrkXQ
228150,DDLKxvadWc4
50620,bUXjqQ4GKRg
260514,E4K7JgPJ8-s
338952,5sEaYB4rLFQ
57214,p8_U0n2oIHA
324857,ii3n7hYQOl4
35,XPG0MqIcby8
93456,6qsH_LFRr6k
400928,x7CAjpdRaXU
268896,Am-gG-VyXPg
82690,JPSQOomMWro
522478,PWBcqCz7l_c
324552,Sx1Qm3gavRg
335983,27ykcO79F-Y
899082,Asm5LwWeXrs
337401,01ON04GCwKs
4247,LPI47v23wo0
329,EdIH6KaOX3M
50619,PQNLfo-SOR4
50014,3eajzW3XW7Q
475557,t433PEQGErc
72190,slfrrjPndV4
211672,P9-FCC6I7u0
14160,ORFWdXl_zJ4
38575,2SmmxvHLsKk
1771,jX-dpQAginE
630586,rDdGpjjtq-o
591273,UyUuzCGblqc
131631,JzcYyzCZdiM
602734,rgNlWypWmtw
296096,T0MmkG_nG1U
120,-7XAdOVcHxE
49013,oFTfAdauCOo
447362,BgmJ14p4Uuk
447404,1roy4o4tqQM
333339,dtwpjnuaVTE
27205,Jvurpf91omw
18239,BNi-ebCWXos
345940,bsLk0NPRFAc
22832,H6tg0YwLJQQ
503736,H83kjG5RCT8
49051,Kg_QKYr7xcY
299537,Z1BCujX3pw8
557,O7zvehDxttM
723072,SNlKbqHqGcY
254128,Bz9e0PGSDeU
458156,M7XM597XO94
176,HKPy5RWuqNA
831405,erZnK6i2JLw
18785,jj6wcUes1no
43347,h6w7Dh-QxzY
269149,g9lmhBYB11U
150540,1t0A_tZGrYw
102651,704EXbJ-b5k
9637,oGGHKpvULjQ
341174,n6BVyk7hty8
324852,6DBi41reeF0
373571,wVDtmouV9kM
49530,xhYUaR5QiUs
567189,e-rw2cxFVLg
338967,ZlW9yhUKlkQ
8960,6iFcGNOWnA8
634528,-PNZh5TIJxw
574060,YLMT5uXjFLY
136797,X6qjouwpFho
283995,2WhQcK-Zaok
10020,tRlzmyveDHE
411,ruGHxmjQ180
521029,UULg8WnOAOo
68721,f_h95mEd4TI
1726,ofkcLgzNZGM
559,wPosLpgMtTY
294254,-44_igsZtgU
505026,JM1U-Whb-P0
72105,tJs8-Ytu0oA
4564,ZaaLsOyUm_Q
38365,bZMyY0WuwyY
384018,9SA7FaKxZVI
591274,UyUuzCGblqc
13186,VanCRj8eI9o
345938,CL0yUbSS5Eg
166428,qNGLuCijKZ0
140607,erLk59H86ww
284054,dxWvtMOGAhw
76341,akX3Is3qBpw
181812,adzYW5DZoWs
9502,NRc-ze7Wrxw
336843,S_9OSktlm6s
335797,9zXiaDhAEwY
810,InR865IDDjU
618162,pKz5kZr8mrg
727745,iHDpTCp7K5o
109418,Sq5CIH0duMk
495764,ptLZlrE8MrQ
260346,JuU0M2xBasc
181808,GQQMLE4FuIQ
420809,5MwW1NAsnR8
398818,Z9AYPxH5NTM
337339,JwMKRevYa_M
396422,OUDXAOXBxa4
646380,SL9aJcqrtnw
9732,aylCi6thmHM
576845,tB9WUIv9KH8
11836,Tv8xk7BKaNM
9487,Ljk2YJ53_WI
62177,TEHWDA_6e3M
260513,ZJDMWVZta3M
10567,HlNRVZ871os
449406,bPHJnsW18Lw
527641,5cJ7MT1RTqs
11322,pv0DMzFwEW4
10198,uQBy6jqbmlU
512200,rBxcF-r9Ibs
9806,sZwWCrFNfzQ
70981,SfiUCrfbLgY
399579,aj8mN_7Apcw
119450,h_9-3Fj3ZdI
15092,8MT4MXuozuo
10192,WV8bbMxPBdc
454983,7bfS6seiLhk
122,0IT5Wlu5s7g
619297,NiFuJV2GLkY
9023,RPJ4EQ2Eh9I
619778,Gczt0fhawDs
12153,aeVkbNka9HM
402900,QerVvvNem1w
511809,CbUM27qw6a8
18240,RFL8b1p1ELY
400535,Pymm6cmE9uQ
8355,dP-xFvTIdNk
25769,IwH4bxNK8Os
531309,g6eB0JT1DI4
49018,62rpZcMYa0A
10358,u2Y3cCOkz8o
630004,JdPJQPdqv8Y
37135,cB3NW3O_OfE
44896,k-OOfW6wWyQ
46195,Bf6zeRwk5LE
82702,68AqHwgk2s8
232672,8MuWt2X59fo
49026,z5Humz3ONgk
45243,ohF5ZO_zOYU
10830,pnzLRDDijW0
57158,fnaojlfdUbs
168259,gq4_NLjA5nQ
121,cvCktPUwkW0
497,Bg7epsq0OIQ
9836,aIBsnOyJB7Y
38700,jKCj3XuPG8M
335988,sKyLJI91EM0
82675,u48UrWtCn5E
50546,fpj7i2CPt8M
645788,fSqa0a3mGk8
424694,HlRd9Zy25zo
123553,hc4CiTvQ-YE
10009,mbSzbfN9QQA
287947,go6GEIrcvFY
11970,vlblxDGoGwo
953,adPvbscBK_8
49529,6Rf55GTEZ_E
346364,FnCdOQsX5kc
150689,_wppM8ycod0
198184,HhNshgSYF_M
677638,0ZNsLy2IwcY
8681,CvUxdQ4q-Lg
597891,wPzcpDNRyyA
19908,8m9EVP8X7N8
1579,ngWBddVNVZs
11688,Hjvy8vc39kw
11324,qdPw9x9h5CY
207703,m4NCribDx4U
522938,4vWg5yJuWfs
190859,cRbAXWfthtA
105864,8lsIrASLD-Q
8363,zFjaJbihWwc
21208,2ywOPNNii9w
227719,KnGcWVoxftI
245842,NjGSWdmVVHM
607259,T3mwUEoZdrI
76492,Wv6dx0qKBjI
920,SbXIj2T-_uk
215,foiRWtJTmo0
22881,KA56LqFszYI
245891,2AUmvWm5ZDQ
169,Vhqt1ynaoq0
140300,10r9ozshGVE
214,eZwnZqKfvzw
790142,KWxJXZ3S3-g
27578,8KtYRALe-xo
812,gWLa6y7Z2TE
9378,Xj1LWNgG0Ng
400155,d5exSS74Lh0
615677,OmupQ6LJiJY
49519,4fVCKy69zUY
420817,9g5knnlF7Zo
246655,COvnHv42T-A
480530,cPNVNqn4T9I
307081,Mh2ebPxhoLs
49521,-cYR5MFb8Rc
9479,8qrB9I3DM80
950,kDP8ERAUnZc
8871,myTaigPrbsg
12155,LjMkNrX60mA
16869,sE8hc4gVyGo
514847,sowGYbxTPgU
644495,pGi3Bgn7U5U
312221,Uv554B7YHk4
340102,bu9e410C__I
297802,WDkg3h8PCVU
486589,NB3mZMyxcM0
381289,1jLOOCADTGs
491418,IUfZq3DUd3Y
184345,HXxWBgQk-zg
617502,3BSSoD73TSk
141052,gglkYMGRYlE
449443,HusPt_1-qto
417859,JcxL43SircA
59440,I5kzcwcQA1Q
283366,tV_IhWE4LP0
817648,xppbyXSxPlo
10681,8-_9n5DtKOc
11036,FC6biTjEyZw
9902,naUUyD-_oPc
583083,_Br5Sm6sf24
297762,5lGoQhFb4NM
298250,vPP6aIw1vgY
62211,DD4PYgJ_L7U
278,9qqfMvKxBa0
577922,LdOM0x0XDMo
57800,KRS3Rv4Q2GI
270946,4jsFpmFWOSs
7555,2CRjdwRYQbU
663,XPUDBheowdc
446893,SyTg7RIn-X8
534,Sv6SM0w0B5A
10191,IT_ufPxiXl8
775996,iwYhA5YvdNc
11544,wAtaSKQ4-T0
156022,VjctHUEmutw
553604,_TLtcw7ixRc
16996,2wn6pAIRjjY
522518,A2FrrSyyKfA
256835,1nJ7oRal3ME
454640,egDqXpwKwnk
561,inKKja-rbXU
13053,qq8f811FDeo
263115,Div0iP65aZo
316727,RXMp9fBomJw
296099,YU-42pvbBdI
585216,KlfUbZJVInA
158015,A2bVeqhzuSs
127585,pK2zYHWDZKo
22803,qsR8-zxV-3E
466282,mTLc_RzqaJc
597890,11wwx5VKThY
44874,KonOwRF9fIs
80321,PlkWVkpP59U
1124,ijXruSzfGEc
126889,H0VW6sg50Pk
614917,BKP_0z52ZAw
51876,6d1Uc68wt3c
15165,UBqSe6lgCto
102899,xInh3VhAWs8
412656,nRf4ZgzHoVw
48138,vSXUgkCjdBM
427641,coOKvrsmQiI
9373,Mra_Z3cpGCM
15255,PaWj9b1av1o
385103,-BgWppq25xI
60304,p6wk1XySBTk
522241,Qeo8qs9xohM
390043,IpKmt4MpctM
370663,L-l3v9_9-oU
360920,2mNMvz85NG8
49444,TIA6KNfpRqs
321612,c38r-SAnTWM
447332,p9wE8dyzEJE
14128,zF5_cNLHqa8
131634,-0wdVrC4OM4
75780,o54dMG8TTFs
1724,Pog1CbcVBJk
228165,TGjbpO1toTc
1895,5UnjrG_N8hU
75258,UpFv8M2HdQ4
109439,NKE-RXR_XIs
615,4Aif1qEB_JU
91586,fBbi4NeebAk
11430,I7UCIHiR91U
73456,FjN4Fh9bOVg
339846,Gudy17PDAHo
9702,EgXh-jXG-Vk
71552,1akixU65dDY
61791,VZ_LE_6ylKc
645886,JNUjx7LZoiU
597433,EPT_PNucTWE
381288,HHnKnVUySJU
1893,bD7bpG-zDJQ
56292,G6Hr7wFRmqc
506574,QggdxXaVYb0
471506,WAEoJkL_8zU
1894,gYbW1F_c9eM
41630,X7bRikS7C3o
13285,UQe15je3m24
10527,cSo0k5a0l0w
339984,CldGTG6iVrU
565028,tlwzuZ9kOQU
159824,OIx8OGeEh9c
320288,QWbMckU3AOQ
20526,L9szn1QQfas
10386,1EVQ-eyF36o
650,AE4BdijGtu4
591275,UyUuzCGblqc
193893,Mx03VkB-TPE
277217,t4UUQqefajc
12242,gWf2Cg00kD0
353081,wb49-oV0F78
9948,2yH6Rkgo9OE
241259,OiEG3Zr_Jxs
524047,vz-gdEL_ae8
101299,jyPnQw_Lqds
155,kmJLuwP3MbY
412117,pKLGUuJftl0
305470,Q-C4qqsgs8w
343668,6Nxc-3WpMbg
45610,BTvoaaE98DE
347626,XqTPaRz8Nx8
36647,kaU2A7KyOu4
522162,Z_7eN5iloyk
244786,ZQ_6VUs2VCk
281338,hHUBpMznFJI
20943,Lh_NT69lcPY
2048,J1NZJXo-Lso
807,SpKbZ_3zlb0
300671,4CJBuUwd0Os
228326,mP01tEMzt40
273477,wAd4cRUxdP0
43549,JlUkzfITiSs
136799,tDnRVKPjj8k
11917,WljWVrvGXAE
68718,wH1TSNIYj5E
210577,JU9PdgB3rsk
8922,5T7TFIOZ2xU
10555,mp2SbaK8dDg
124905,QjKO10hKtYw
52520,tUcrbUCWKQc
13002,UnA6RBtVdlk
15015,FdObIxS1CPk
278154,yPmm1JhygIo
2109,7-oN5IEjwIQ
37724,24mTIE4D9JM
41154,IyaFEBI_L24
669671,ZNu-G-rd4H4
82507,_kbQAJR9YWQ
364689,jyJgGsZo2wA
297270,ofvJ7KyulPA
117251,WfaTlmYvTA8
13,VVN82P8dN7I
100402,tbayiPxkUMM
157350,nD4KuAWLJ1U
75656,p-pVxwaFuBs
290859,jCyEX6u-Yhs
6479,sFNPNT_4Qww
101,aNQqoExfQsg
9543,bZ7Li5w2I-k
134374,SEQ8jyvmYtw
137113,vw61gCe2oqI
272,lzHs9cJ4Bao
353486,2QKg5SZ_35I
23629,6dzikBZTUy8
530385,I0UWIya-O0s
172385,hUWsKkMKZBc
2105,Sithad108Og
262500,jfaqVegF2mo
12180,Tas9_TYri4w
65759,gKWNUyTGqss
55846,1q-F7ZzjiJE
546554,qGqiHJTsRkQ
39513,tav42JTdW4A
15906,DxfGmaqBE1Q
406997,ngiK1gQKgK8
2454,twLOMG3o2kg
680,tGpTpVyI_OQ
9532,lP4Psj7d1ZI
286217,Ue4PCI0NamI
293167,YK5hbs4LOI8
526050,Qz65no3WnJk
6466,zSLGPdpd2d0
13448,ArdNQUUcZOM
10625,KAOmTMCtGkI
16119,uqdFuN7P3ho
22804,XKxcf50t1xE
560050,26DIABx44Tw
55779,g7V84i92H4A
335984,haXvp8M9Cog
10137,Wlo-sYrADlw
590995,J60ueFp-jv8
23631,7fGKttdOWQE
10607,JAAhQwcJ20U
643586,Gfh8_X3sH5s
76726,i-M5Qx57_UU
118340,b7yOuhI1dzU
585244,YnxHyBbYwQQ
5175,LzJEMPM08jU
333484,q-RBA0xoaWU
53182,2zqy21Z29ps
9769,gykHjlrWp2c
157547,fR88dTHtf48
363088,8_rTIAOohas
75174,0ex3kvVa-48
16366,00srDTJp51I
70160,mfmrPu43DF8
240832,bN7ksFEVO9U
331482,AST2-4db4ic
28178,Y6U7mAnPtw4
348350,dNW0B0HsvVs
330459,MaYv3Y8tyoQ
62835,HCxPLlFWdFo
593910,-Ra6hmW9Iew
417320,-iwE57nUG80
25475,NpY25tI3s9M
200727,Cj6i2htlkO4
564,h3ptPtxWJRs
280,lwSysg9o7wE
406563,pXJC4mZmU_U
603,m8e-FF8MsqU
34134,hfYKJdIPvRA
162,M94yyfWy-KI
22794,pUaKcFI4BZY
76163,ip_CYHdyUBs
545609,L6P3nI6VnlY
481084,4Z5VUf5x2RY
37686,t-0XuYxh67w
522931,cPBGtKnNFuU
117263,ar-IaAx7s8k
15167,kpzRTBHqAW8
58574,DzPHzAR9GYw
567604,PCf03KXyzIg
38055,6CJUQr4Vs40
15016,60PgxDHrdro
854,17390742
9880,D2WofresyA4
37710,HgNiFN_gttA
419430,sRfnevzM9kQ
138103,JMaMGWWiYSg
175112,xM0Gv8w8jI4
187017,06rvPK8ydZo
11351,Quy0zQ1PXVw
9297,XEkeZhWbW7U
313297,vex0gPFnBvM
27576,QZ40WlshNwU
19458,twiu3CoQuTo
652,enJYNuWBJ9g
4523,rwTNJgffMco
127380,iG0P6bjyUNI
17654,DyLUwOcR5pk
676,oGYcxjywx0o
1359,5YnGhW4UEhc
37834,JGPl86DBNNs
4348,cTZAzVzFShw
578701,sV6VNNjBkcE
339403,z2z857RSfhk
857,RYExstiQlLc
796,UzlKsS-IhEo
256274,wVuv1Ey3oIM
329865,gwqSi_ToNPs
1587,wpSGFets1oM
1427,zutiIw_2e2g
222935,9ItBvH5J6ss
7131,W6C6qcCW2JE
81188,aPLiBxhoug0
5174,sKf4ef4j6qQ
10781,2OKXd2j6Fmo
109451,YEZaJkPuq4o
424139,ek1ePFp-nBI
9358,N4wNv1zuYDc
43947,oOxSvFKrHew
87825,fTHSqutzOcQ
324560,aq7bglR5Zc0
277216,OrlLcb7zYmw
1677,X1rJvSF3l6k
57201,LoVhgaj6PiE
10501,JcOfJwN0bdY
772,k0kJieJ1k6k
522627,2B0RpUGss2c
8839,_3pZotIizxg
15070,qX_hOeC9Pj8
87421,G2M-yRjJDPU
350,6ZOZwUQKu3E
179826,ZEnvutQ0UI4
13004,qX68HEHhht8
342470,zfQXKVCudec
298312,YfQnRjkuvaY
14574,uwysOfnX2Qg
9792,xNw6197sycg
238636,XzFCDqKE4yA
254470,1RgKlnG5aQY
34544,exyzEFrmLuM
7443,kAQnYt9Y-hg
539892,4gT35M6dG5E
326359,bQRLVxZHKPs
153518,rRM9QrzRuXg
9286,-m_GmDZ7pSY
64690,0eup3tFOgbk
169917,aTKBowDjMQg
23483,rFpWpkxsVI8
13475,iGAHnZ555nI
14438,pOafIB3KqkM
454619,4TPJyx2Xljg
345887,HyNJ3UrGk_I
638507,CehPixdKUuE
302699,QrgXU1zHfFI
484718,sY8gUtyeAKE
544401,H5bH6O0bErk
14001,8b_HVtHmK30
174772,cbw9hlBnG74
776503,0pmfrE1YL4I
75612,UsjdRsrR6cs
508439,x8DKg_fsacM
12244,_qApXdc1WPY
462883,FsbQEoBPunQ
420634,1EyzlnWsZCk
550,BdJKm16Co6M
136418,8c77ONP5QnM
37786,Djz0q-GeboM
524251,k72fdSYHHvQ
509967,YLE85olJjp8
13179,g0CTqqTkXH8
256591,A1PqBFHoeTA
9444,eNj53-mu7xw
476299,Q8KqeolPt2w
543540,Hld-7oBn3Rk
466272,Scf8nIJCvs4
27581,D6WOoUG1eNo
2770,ntxIBzJ0tU8
133121,E_ZPb_Qf7JY
302946,aNGhnNMSopI
10201,rvpsiIe2vBE
281957,QRfj1VCg16Y
8273,YmIIHsPa2F8
7191,_afPFLvh2qg
132232,I7_CLVoGkgA
73723,dNMBVVdrMKo
10010,BHCLOiotTA8
278927,HcgJRQWxKnw
13183,PVgUZ2NSzBo
346648,52x5HJ9H8DM
242582,UXnKOuUHQAI
493922,V6wWKNij_1M
601666,D40uHmTSPew
20662,aMcDeNo6KUs
98,TcYIqlBihW4
22970,NsIilFNNmkY
10530,BbFzoDcRjYA
14442,OoSUHgs7hCs
308266,Rwh9c_E3dJk
259694,akwGjUeU6YA
499701,gUTtJjV852c
7214,nOFhHEepF4s
417261,5iEOQn8UUHI
49527,sBJSfqdhyTg
16871,nUC8h1W_TgE
405774,o2AsIXSh2xo
19913,PsD0NpFSADM
342473,FsNJBRDbZBE
228161,G9F6VhFY4wY
11024,b-mArPr_Txg
22824,JQBU4HvN5MY
13283,0z_WwoRHHUc
588,34586477
10545,DezyFYB2MMk
68735,2Rxoz13Bthc
537061,TlmfPB20Ln4
5255,F8_GUrqe5tc
280092,3HxEXnVSr1w
4922,Y_e_XzgStHk
249397,83837536
41233,TZe1Qz2twbE
95,vizwnpbwO0w
50544,MxfaGMuiniI
13387,aNO-fmVu4RI
359724,zyYgDtY2AMY
481848,5P8R2zAhEwg
274855,lI_Yau69onQ
11130,iemU7EUQgmo
254,AYaTCPbYGdk
1734,ptmLrNpmcBo
540901,P_dfc0iqmig
640,71rDQ7z4eFg
546121,0Dhh7q9Us5c
310,0XBxoKumlqQ
16523,Me2B0pc4RJg
2668,nYHt8SdUj-U
13971,h0bRZkXQAhE
62213,4cVcpz8H3Pk
20048,npFBRp716Qw
49520,43Qc70ZeMFw
8456,s8aGqjNM0k4
10140,hrJQDPpIK6I
72431,NVq6Xr5fcfk
10521,TyXg2harjys
602269,1HZAnkxdYuA
177677,gOW_azQbOjw
614409,2jPdejek5QA
77866,Rp0b5ZXIUvE
1271,UrIbxk7idYA
769,qV7btRCs3Wc
5876,LhCKXJNGzN8
13700,LMW_nGAsLfc
62214,XBfcGLBJ2Uc
206647,kQx_SrKS1sQ
76285,M4MNNw9ZhrA
448119,FEf412bSPLs
10202,e-6N1NZrQAQ
13474,cYEgrQ8kdmw
6977,_5lmI9EZUYA
300669,76yBTNDB6vU
291805,b306jk-C5rE
450465,95ghQs5AmNk
425134,Nt2sbtg9Yfk
424783,fAIX12F6958
8643,Bi-PLwxwvy8
257445,7Cn716jv61s
504172,N_QksSzK7sI
423204,XF8h3hOGBJM
43959,MWeOjBCi3c4
9016,ajhZRL1j7a0
761053,mjPUGem9SaY
183011,xe0JiobQ98o
395992,LeLsJfGmY_Y
274857,6rbPTQIdjmY
267860,q9y3z-lx-ZE
623491,8WzUYkzRgBE
2907,4t2tdKD9tPs
428078,IRsFc2gguEg
654028,HVzBwSOcBaI
18,7-9mTiBawSM
136795,PF5FjuSYU_0
88751,a6gUG2VKbig
267935,GZ0Bey4YUGI
4232,xRqAmYpV_Ts
16577,l-hT7dV6290
600583,ELvKuuXdfCU
296,zdYYI_2Tudg
7485,-6jgkXHdNi4
72710,SRKjf8b4f2E
205596,Fg85ggZSHMw
567748,7w9tumq4_34
9335,sYJ5LDoWRT4
11699,9_iPKYe8gHI
1267,S396-fnLldk
114,2EBAVoN8L_U
339964,_shrCoqWh9k
58233,wCsSzZU-sQ4
204082,tjSOj8b804U
607,HYUd7AOw_lk
9762,DgZvrCY5-2Y
315837,vWDBpTB6T0Q
458220,8jVuOheTNGQ
335796,MJIcZGEjjwo
10229,Kq02sBe5xko
2300,wYbXWzef1RM
2758,jVlPzTPLC4M
14306,KR5UBtAxseo
181533,Hr1fFMp0MqU
472674,IcG06hZooHM
170,FcDhdb6J3rM
458723,KceZ8KfUIIE
1372,YG_a8lw512A
599975,S6O4iy3Twwo
9737,jqBLf1EjAPE
290595,_W65ndip7MM
338970,8ndhidEmUbI
565,ymPUAsPsTwg
15512,bxLAH3M3ywM
567609,ZtYTwUxhAoI
4951,wRo7iUQMcTM
68724,oIBtePb-dGY
949,14oNcFxiVaQ
447200,t9QePUT-Yt8
508763,1pKdCHvH310
77174,B4cC3Q4dhNM
602,NbkyyBu4NF8
242,uVemuwMtUjQ
8909,q9Mr-iYZRZk
41446,HQUmkietlYc
216282,EVg8nKNGC5E
11631,XZAvWkBAhkk
9603,3zuRkQSx5gs
1246,8tab8fK2_3w
12222,MIQFTBsGccA
552095,8h68qI5akO4
627290,mXcZ7WDsVwk
621013,eEWLDqLdP0A
424,bJcLRFWxRno
19185,V5XwrRFP7Zw
406990,idZPTuwcMJA
262504,LCywVLaNqCg
34813,OmFTjvdrfyY
59859,41ecF1HD0rA
258509,UI_nj4NXpoQ
137116,gw3K8NUkL-0
2667,a_Hw4bAUj8A
10590,HnLHmGzByPA
10184,2c3rxHgfRTo
1265,T2TDSEG57hI
23566,Inubbw53mWs
38408,ZNSeUYw95NY
87827,j9Hjrs6WQ8M
70006,hzkWE0tFQb4
338762,F95Fk255I4M
116711,xqeZyv7kkMo
6795,hxrF-X1yn6Q
11186,5OXtapP8U7M
146216,sCM3HhGUJsM
431580,Ap0NRJD-2ts
189,sqK_P0yU9jk
9567,DuTlpSfptO0
954,vadCbBuUM0E
522681,6dSKUoV0SNI
9353,btfjTl7sEIg
44683,5ztzhchMcsY
251,KZkbSUSdqX4
8835,dDFjDaw1DuI
11852,6z5zbY-0QCA
7446,VsEdmjAudSI
501170,2msJTFvhkU4
8961,hsuKq5pNOcM
116149,7bZFr2IA0Bo
18126,KwOcs1E97_w
1495,moNH4N44D28
501929,9c52Z5sMuTQ
20760,NDCvdbjYkeE
9509,eDDh50B6kA4
431693,LSSGHvzMY60
77950,c9Q3c98IMZg
397243,QTgFPFWxmFM
22538,4MmY78eSIug
1830,AXgyoER0aRc
333371,yQy-ANhnUpE
745,VG9AGf66tXM
514439,go1jaIRQc-o
9928,N8u2L-CqHX8
2251,RSHTmIucNNI
137106,lPnY2NjSjrg
44214,5jaI1XOB-bs
24122,uGyLFdzhw-c
8373,fnXzKwUgDhg
36586,fcCQ7xk8zzM
13885,L_hgrfZVlJA
530915,UcmZN0Mbl04
924,-x3YzqElTIw
423,u_jE7-6Uv7E
399402,mnP_z3qXDCQ
138832,0Vsy5KzsieQ
542178,TcPk2p0Zaw4
64682,4w8lohkQtbY
483980,VSC7AjafRPA
9837,zmBDY-fSlIs
9679,cxCE9gDm1vo
193610,oDcaZ3StTfI
82703,za56MdewGzM
10528,LiBzbNk0lZ0
54138,4pFjsiN2SRY
752,V5VGq23aZ-g
37165,loTIzXAS7v4
445651,tN8o_E_f9FQ
268531,zs2SrqLum1M
474395,ESrx4RZGh7M
324849,aBJyp2LFHgk
17979,VZ3lr3urgDU
10865,JuWOj27MyMg
36557,KokmzxszDow
429351,-Denciie5oA
158011,PmhyUuLKwa4
605,YBQLEhzlYX8
923632,_R3LWM_Vt70
332210,tF6jd0-xRrI
13680,NGS2yqWWiuk
122906,7OIFdWk83no
11283,iNmWrAhYcP4
451915,OoAQj7hxcM0
608,p4NJHqoojOU
1402,DMOBlEcRuw8
253412,IRVJwH3hBd0
9399,XZ4x4HqSGFk
258230,uW_GNKVuZ1c
14411,bRsdyOck9IY
4108,0poXFSvX0_4
206487,Un5pWYYV5Ak
227973,fVR4E6Q6u5g
249660,bMjo5f9eiX8
300668,ufaDurSCKOk
616651,9cq1lPPeMUY
82633,HK-Q3wYsOgA
11459,G7aMWVN1ThM
11978,vAgspe-gUac
136400,AK6EbfdnTHg
195589,82274018
193756,0cPJ1ifjBDs
10634,umvFBoLOOgo
107846,BrV-SXI6Nmo
10439,Oryofd_T-ng
956,ssWbGKTgXFc
10591,0rD3Qkh-238
9291,Cl--Ye9pmAQ
2309,EsV2Z_il_L4
297,JdJS07wKUAw
449176,ykHeGtN4m94
7220,jNT92z4NGSQ
1634,xk0XY83eEuM
45612,t5roJgHV_lA
558,3jBFwltrxJw
38,rb9a00bXf-U
419478,fEskVQgtwaI
142,kMA30rThECg
395991,DSHk_BHQxp0
453405,AbyJignbSj0
442062,nQeOzfm-lps
76589,uBrvW9FbfDw
207768,E_McVHY-o2A
80389,ETppILg_CYc
460793,hb8WDATVB6A
11238,eIobMaMQwVY
301351,gZzAeYWXFpk
8328,bL2wDI-O5YQ
85446,UhDJJNgc1EA
646207,-zjikObAJHk
37735,KNbPnqyvItk
18937,PWEbAKGnX_4
192141,DOjj07EuO50
537116,kAJXFRshQfw
16052,eKmbPwZLqYc
114150,8dItOM6eYXY
374720,yM9BWtppzko
310131,iQXmlf3Sefg
133805,OLLsrZwJrBk
11247,B_VFs9j95gc
604,zsgrsiZoymA
379149,r_rSAbYyIq0
8065,2v9z9EACSnU
33217,T1x0bYr0bgY
500664,1hTLGlgZ4Z8
1266,G_0i5Eq-PKs
76544,P0i0ddd91xA
74,msxe3yJPfyY
123025,J0H7Du2txOE
590223,-19tBHrZwOM
616,kJ27kgmhI6Q
618344,tnCkn5xD2jg
512196,IeXqWDFJZiw
14191,CIavKkromVc
7518,BE77igZczlI
277834,pylCYlsjEK0
2082,IeQiSdznHGo
10483,gVwycnRGuVs
419743,HEVonh8bjC0
274870,7BWWWQzTpNU
109428,FKFDkpHCQz4
290764,nSfZahdXxU4
554230,xd2FTV80lKs
59967,5AXwtch744A
51828,DVOei5MjGQY
356305,KRYURVuIC3o
10024,EiOWevDj1mw
35019,hicMZpkl9-w
201085,oquZifON8Eg
12437,7HCWQjIHJic
441282,HhN1BbokyhU
718032,ofnXPwUPENo
1422,iojhqm0JTW4
7980,jvWXV-c2hWo
49040,pDrSA1gTuKc
505058,4DJAWGXkvq8
49021,2Q8VIPJAox8
13223,vLkBUix_D3U
93837,fUNXNLyr7tU
10380,IqyBOl6Tt00
297608,JiODgrdAJvo
417384,u7mLqH7jNGg
443791,jCFWEzIVILc
407655,797KnoCgnOY
17578,LTnCE_SaU38
8916,6kqGO1c70ak
440021,Oi8-P3Wpba8
15969,Obmd3W0UkfY
59108,Z4KXF7NWFRE
197,nMft5QDOHek
243683,M1h_1yoVqVU
324668,_gBnmKOixDM
84892,QE7CGX1d6LU
1278,YU1brBVMBkM
18360,QCR_fgG0ydY
6114,QMvD2Jlyy9U
4233,C-j2TLBmTBY
11212,pzow5wUp7hY
10065,j_Lm2PXb3tk
426543,2ktuvx9hrMw
13648,gCgjZspgibU
489,PaZVjZEFkRs
238713,xayTebKKGDY
1562,cbpjH4XCG3c
754,3zebJ_NoduE
1637,8piqd2BWeGI
25195,DVN17lxkwDg
487297,HeoLiTirRp4
82881,ukS_OOX3S3M
295693,tquIfapGVqs
787752,wKk5VAK1GZQ
59860,X0n3Q_VDQk8
511987,H6MLJG0RdDE
16995,s1Sp1QvyQQI
109410,HALfME0wjeU
364,TlbtLfWvFbo
8204,_yTZ8E3vbsE
130150,pn9UQw07hbo
395990,v_I4zqC7GN8
490132,QkZxoko_HC0
10665,2lm2hZ50sN4
435,Ze8Gshk53Y8
628,5xzDAgFrnf8
11619,RLJxoJM_ZbY
70436,XMG9HawX1do
492188,n59tgVPvhW4
1729,aVPJEaWtMdQ
316029,AXCTMGYUg9A
345,yxqrzWe0Ggc
158852,1k59gXTWf-A
43539,Dwpw7HJ-XaU
24,a3aFv8IQb4s
15157,AIeKQRj6lXk
228967,Mj3uHftd5FQ
146233,2SupordEUpw
417644,nmgeiznfdLI
16290,fKwjU_pSSW4
579047,bQyxSpAB5V4
8358,yY9Nm4RF-K0
70954,KgfB9kebFNI
399035,aDshY43Ol2U
196867,nasLuiP-1E0
515001,VTqd4yNFuSw
500,GyR4RK0LA_E
1701,Olvpk5BXWCI
332562,nSbzyEJ8X9E
65,axGVrfwm9L4
302401,TcXPpVzwczs
1933,C7pKqaPtMiA
419680,huaGQdrkrK0
13205,k73vgTDvRek
310307,AX2uz2XYkbo
252838,R3TeI9jPPuA
218836,Uk0D5L0TT30
46529,DdA0CrY1xks
473033,vTfJp2Ts9X8
293768,cLD83jvbyz4
10330,8C7L9ANISmI
551804,EqPnIcDW9g0
329996,-QPdRfqTnt4
345911,6LiKKFZyhRU
855,2GfBkC3qs78
526051,wuLJHROphdM
565426,rfJY5vyfyxs
211387,hsmexv78GMg
399360,uIxnTi4GmCo
747,CfBewQPFdKE
9802,16-l-rO5B64
188927,XRVD32rnzOw
335778,OcTVLfn5i8g
60307,ZbqqYuG1TCM
68812,CJIXOx2-GZ8
638597,Y-3Vr8Ut8d0
43949,shN4dt583Y0
64688,RLoKtb4c4W0
9594,Rftm3yRSD_0
325348,96EChBYVFhU
334533,w5jeBvjcJe4
41733,7FcTcgjZzq8
8078,vu1tVYGsJ1Q
449562,_j5hwooOHVE
2059,I0u9-5lPP4Q
11007,csiX-mSqkGc
453,WFJgUm7iOKw
50321,JWYVQzG0rYk
262841,uQrj2M-2Uiw
1813,40hHA9n4C2o
82693,EI_3ywJLQio
257211,ZU3Xban0Y6A
9477,8Fw_1TwxTRU
512895,A2ZDDU34gYw
116745,HddkucqSzSM
152601,XsQqMwacZQw
1620,XJhNzHyq-IE
36955,3B7HG8_xbDw
328387,2PR9MOPTI7g
606856,HMfyueM-ZBQ
513310,CgZhk6uWGk4
419479,CQTEUd-5JMQ
208134,_MSrAwfagG4
161,ImMGNQ2OEjo
345009,hzUj42eaHEc
74308,KXLa3swAa8Y
575774,DYY0QJhlXjc
242224,EVxOrUjX-bc
391713,cNi_HC839Wo
2675,dUw26F0WfLg
1572,gQ0uSh2Hgcs
1576,HhBAIDHvRTc
18269,MIr-Y6kKEMw
8467,j18RMmxT78c
2123,ssx_riw1Y9Y
10060,HJL2hh3jtoE
73,JsPW6Fj3BUI
417678,0LyEE7eR0nM
194662,xIxMMv_LD5Q
415842,D9iWGcx4krg
787,TWB_icm5M38
332567,EgdxIlSuB70
26389,-jAbatBqqSc
245913,XBrfxHOXsDE
280217,XvHSlHhh1gk
9641,OnLlLwEflHI
23169,iFFas72-dTY
1573,RbcRO1uosiI
955,vIpqpRuGrq4
399055,XFYWazblaUA
627725,J_-nk9-sMus
716612,Lagauhb5GyY
11587,RRgbHgJa4-I
203801,4K4Iv_N9Nno
264660,s-HiQ9K2uf4
11969,XTWYKf5hXIg
455980,kjC1zmZo30U
10764,f6acw690AqQ
75,hbE8eGzUXLI
1586,QboGT3v7c5A
27582,CMklQNn0OH0
80274,vP0cUBi4hwE
749274,JVc8SI5CAKw
22164,d5zwiWqtKIE
13417,J1KGkJ6mjZ4
381719,7Pa_Weidt08
10715,Wjvc6VYwe0I
1646,MT0L1U-Rdj4
313369,je0aAf2f8XQ
455839,h2-_WUdzw54
10947,ukDLkkvZYFk
379291,dFjg3oNxaJ4
1577,YSt7RarJQJk
207932,xbNBB1D37U8
277,mn4O3iQ8B_s
82654,x3ErWNBX9Rc
64328,C4YhbpuGdwQ
402,dlyzcO5myBA
80278,PaY8EeUYh10
387426,E-wBI7Mh6H4
2024,R_C_dPHEWN0
438799,USPd0vX2sdc
393,WTt8cCIvGYI
465136,dRvKm__GrqU
51540,VpUeQV8sdOc
9339,APUqyhgtCfk
392044,Mq4m3yAoW8E
861,2DwNb-ZGVjE
341013,nI7HVnZlleo
555974,ECPfXUW0zt8
324670,rmC3ZhIHHi4
273248,IMGwqSA9rww
2034,CKxKB3IFdIs
460846,zbOqeh8VYCI
9739,tVAxlqHaMNo
379170,V8LWfc29J_E
834,7jHxESgl9qA
9992,xIzKgO3C6Z8
207933,3fw6fDIgNcw
582570,e0LJNn-GcnY
142061,5GnozQfFLD0
337170,AEBIJRAkujM
591,BNQ0ExXOWW0
227159,D_PQhGHnU8Q
407436,OVBjPpUlQrE
6637,nO4j6y9D3A4
401981,ZQUBjoGm1ls
2268,gNiiJ0JtBOQ
10022,pknw1wh-2-U
76203,z02Ie8wKKRg
1268,ZV_HYwmEi_k
3049,JudjRVhIgns
72570,8swF2-R6X9A
491480,nPkr9HmglG0
390062,ADjYDl1RCGs
1571,86ss__OIscQ
23202,wUqsXvBAqRY
13649,8UiHFHF-Nqk
266856,Salz7uGp72c
339692,Xm157yQ7g1E
11887,cHHkojo7LXg
9100,DoM4OXQVCcE
504949,yMJnsTx-TBg
274167,arhMMJx7tCU
302156,3bvnoqsvY-M
272693,cISh0wmeZBQ
766,gasZjgyMxeg
16234,jTSlHYxAnEs
9473,Q2KaoX24gcc
181283,Uia6y9SRsj4
11253,Yjivaeh5YOk
26736,GRizB__8zHk
417870,mVhIJjEtNZY
399361,Fo3yRLLrXQA
296524,8yASbM8M2vg
77,Rq9eM4ZXRgs
35056,aspBKFz2dBI
1954,B8_dgqfPXFg
83899,ufUQWpEkbf0
445571,-76o69txkZs
398978,gfr44G1KJmc
20504,yAQcwKY0Dik
400650,PzcaR1N0pTI
28355,oTXOxLI0kVQ
184346,F1KY_pMBVXQ
58431,syjfmdvLu9c
274862,fEOleIO_x1U
446894,_r9GPgvN8As
474764,XYUI97qAa_k
96721,-URkBFAVZqc
76493,cYplvwBvGA4
458594,sdL70wkf_H0
594,iZqQRmhRvyg
9495,TZoTUSauhs0
109414,kliQSsD_npo
22620,JXM8k0xRJ60
346685,-CKPj4O5_9s
483906,oMHwRal-AR8
1593,YXu7kqD1JLs
120467,1Fg5iWmQjwk
9741,UM-Xo8aSbcI
1824,Q_2AbjYeSMI
72784,1bJZYqGfYGE
39538,4sYSyuuLk5g
463821,oQGA42-U0Ro
2501,2tqK_3mKQUw
54318,iuvPpCMgA9U
318846,vgqG3ITMv1Q
531876,f4LM9a02q9Q
643532,7RvVT1cDiNc
363676,mjKEXxO2KNE
314095,hjqtP459uo8
9342,s9ZaML_FeaU
8055,JA1J2WmFGUw
13510,-6j3K4MmOKs
154400,RJZtoAKDf_8
521777,rF1F9dIbNqM
39514,-JZ_moituIo
438590,--8nr2kt4uk
63,YxLbHHYGzkg
205775,TAqNRH6arUI
879,DvTUkRSxE7o
37056,165tXUPESnk
708336,ICWbAjVHfEo
27022,v2uV0_1C4UM
568091,sCimThZW-Ew
2567,dkwypzOQf8o
272878,6EPPMCwD5bw
397837,ADj35gDqM90
7512,clYwX8Z43zg
458253,vM5VC7nCv_Y
10474,W5eVnwe6Pxs
13394,AJKvTHemJCA
44040,wYy7igKD21A
236751,N-ewaCVARtM
547016,aK-X2d0lJ_s
544,eGjXwDYpOLE
21407,EE1sL7QWL5c
434203,EtBhKTuPjEk
2057,sVQXeIUj-YM
400157,vYm7mYd0SgE
1949,dJ0oNfjzx4k
8965,IXIQlVsTaYw
437557,RfFcaV5O7SU
376660,g2eR6j8eocE
530382,lJ3_biTbeRM
40662,CplIfJVAy_0
10601,SyYESEvDNIg
2503,ZT2ZxjUjSo0
520663,J0hTmzISOlQ
4421,FDrXl6WOPZA
509585,Z5Vz9nPw2lg
484247,fbNgGYXNgGM
9273,YG28rBUkgf8
10096,PFUk-qUbfW4
535544,TYnITeDfaA4
137094,S8EaxDvZt4w
458897,RSUq4VfWfjE
9655,D4OhwrMidSU
159117,8Rto5cyknzU
9349,J2vgzkCiCIs
559969,lZKqMVPlDg8
323675,iWfmmwdCHTg
176241,hKt0CqTR0_s
9361,yaQeVnN6pUc
408647,GIeoysdR8AQ
145135,K8iLp1xQtPQ
4982,BV_nssS6Zkg
390054,8hq28cZ938E
581,hLg-IaVoaJY
10047,aCbMOQIs45s
517116,G8wJopQ59qg
50646,flvz5RMRx7E
60935,mg6tKVdMNdM
9392,iw_KYXVNBqo
582014,7i5kiFDunk8
563,Y07I_KER5fE
4476,TR5E7Kuty3o
21385,VpGQy7mmJlw
470044,3MM8OkVT0hw
10796,LfeIezSuRj4
2164,qMLyCQq6Gvc
10315,n2igjYFojUo
28260,h8-DVXVdtZY
1624,C1no75lpOiw
9804,PRWlQTrd2OM
44244,1yKLEoImqw8
152760,SziPDANik18
1584,l_ngIv5kFNY
44048,l__gGyq21U8
9654,YT9VyEbUkCo
9472,MYie9VhNW8g
44826,Hv3obL9HqyY
1904,i_TXEEgNiWE
249164,m9hZ40TJ0zs
429415,-ePDPGXkvlw
316023,VqcjhlCjw0g
13515,O92QxxgeCO8
514999,5YEVQDr2f3Q
9475,3GUvsJc3vvE
187,T2Dj6ktPU5c
345920,dpFyds_pS2E
2502,ofMkaGkyAPw
339259,3GyVqaPBvyE
463272,-Qv6p6pTz5I
34016,oWJJGXvL7PM
13888,_qDaxkLUcTM
388399,_c9IpI_pNGI
11001,kj5NHXDvKKM
9889,YGaqlO9bClk
7459,M_RpBi3W1Eo
3558,-nhhedttyD0
1487,qc4-3QmiFak
12184,2YoiWr-yvws
768,yw8US3gS37w
347375,3CVV8X01824
157845,ChM2icbWo9w
283378,O-MRLGxczj8
14636,U0w3vKgka_Y
196,3C8c3EoEfw4
107,u8jVN5UAji8
238615,Mc4sz6neHDs
777270,Ja3PPOnJQ2k
9350,c55DDQT8zDA
115290,F9IR_oy59cY
38356,97wCoDn0RrA
15657,0h50wkYYoBU
15373,wtFESEqa9fA
14254,SMAgwJrBeJM
625450,NfpXeLVzJIw
45162,VoW0m4Li2Bg
630566,OWEgUhWU4g4
10294,9DCyrUheIpM
393457,ZrN5MAYB3kQ
10529,bwUB35s_hP8
10413,5Zy5JXQUvUM
163,YqcQv3dt_hY
9362,nM3G1nVEL5c
9257,tLhMJFw5HVQ
460668,tYcE6joYL6o
4513,zXYO19Ig5hc
228205,FUS_Q7FsfqU
340666,juFmTNbFh8g
2270,VfYBKDyF-Dk
170687,j1El1xVRrkA
10897,MsV6r1nbSGk
1656,Dguc_x-YmBQ
300673,BQmllwTKtqU
714,eqrk7-mx2D0
710,C4hbwwq5wlQ
11013,AFma24S-Uvw
70,shbZOZmoyF0
2019,WTT8RX48cvA
264999,RwPR0q5es0A
459910,WdNJnwC6enI
298,YsqZosCj-qw
9481,w4z4Xsp-bos
290512,3jyzGKXBOxA
353616,Hihto8onbUU
445629,Mh4zSZHhEeo
6973,0W8c0-qOEDU
3981,VFwHs7fEUNs
10866,udKUOQ2czWg
328111,i-80SGWfEjM
137,lTnl4J5y5rw
8247,eLqE8rqNPbk
522924,Dp2ufFO4QGg
37799,mWoUgftTj3Y
944,pi2cGmz9Q2A
516486,eyzxu26-Wqk
846,2Dauoy3H764
548473,agnpaFLo0to
22971,r0fq5dd0C60
8656,XfcoWexWCzc
9598,tVxeoUtVF0o
72358,BsohmWonrCg
420622,OILVviwLfUM
2005,Q7j2aEJxxDY
77877,gJAMYJkA2Uc
433808,aBFyixPE7zA
10159,BehhBCBSplY
722913,CGZmwsK58M8
38199,F_7b3kzWzg8
554241,bJgFuw0-KdE
18405,2EZyJxabVck
6947,c7TL1BZegLo
4347,FOW4eUA683Q
11069,naO4wVS_8Jk
395834,CZgN0dpFoaE
171274,wZfs22E7JmI
13313,A2xh1BwSpL4
824,2PpgPxjzbkA
9319,TvOIg6IJcBk
1428,7JrCqCz6CBA
14,3ycmmJ6rxA8
309809,ihi491RQo5A
11846,o-JEkllZPDE
788,PqxpC_jYncE
48171,_hG3ktopqv8
77805,HPJY-g-WoQo
49047,ufsrgE0BYf0
816,JCSMpRHcNuM
570670,dSBsNeYqh-k
7553,HJEsNjH3JT8
454,oO4jqwpt25k
10423,MDKTBiHBmeI
9476,zH6U5y086hw
9012,dCp40n0T11Y
4133,scWkP1GdnuU
853,xqwlIaOyBSA
293863,7UzSekc0LoQ
17379,YJMQBqsiN3k
11362,gzRSVl8UewM
9032,leEo3cXOyko
11683,atXJB9luiko
15789,I9Tkp-JBIwc
556803,-WBhj57fHeI
134,G7nNDKrTrag
531306,xkvBpKHL99k
458305,Fs3ifuAlw0A
4970,IjYKXr9w0QI
560044,HnG4ag3Nkes
205587,ZBvK6ni97W8
107985,YF-4c8U-mUI
25,-aBP-c28_1M
41283,XDBeFAlgjio
504608,mpOGT3GTO84
664,HCIK_AN8Zn4
384680,lrD0I-vLsXM
12405,AIzbwV7on6Q
2253,FHtCaVtryiE
9870,vWZ7bBfx-1s
57212,d6Ru9Y9Xwjg
287903,9k-uig5obaA
157386,0dCfbBwFI2Y
10950,z_AguDqCBvo
381283,XpICoc65uh0
68817,fVyU-Hvzpt4
7484,uMV_bPgQZUY
559907,VoJc2tH3WBw
13161,kCdtAFar0XM
5503,63hdx4iYs7k
446021,SQmOaJciI7Q
6145,yAar1EYxloQ
1992,KaWPHLZAZbg
332283,T-WGaZaojFc
497582,DkLS_VwPGzQ
294272,OlUkOid3TYc
503919,Hyag7lR8CPA
388,FSH-dbbiroI
9352,e9khnXfKf7g
33,zlyZeYfoupo
261392,09xFjQyW1xg
16690,e44-lodp6vY
9772,jPYnVOIfNiU
1018,jbZJ487oJlY
399170,aPzvKH8AVf0
10033,vIBBVzy5UoQ
11774,fccho1IyX8Y
339527,kEu7BS8IsuA
294652,v6LQzRBDjA0
37950,MzgOvvMi8Lg
8413,Ix9CHnOo94k
582596,2Cwaneq2w-4
180,lG7DGMgfOb8
629,x3t0Nc6fg7w
9408,N41QJ0VCs68
455207,ZQ-YX-5bAs0
149509,B3AZx-cNM78
177888,Ns_LaIZChe0
9693,2VT2apoX90o
77930,Dd0XPRo4LZQ
3021,WIASqPZqnhs
82650,NbnTf8MB8LI
686,_lSNilbANSo
13655,UpmE5h_6Jb0
288036,RG3Q2ua5izw
405775,OZbjGKtR8QQ
2023,rV0K8ddyKh8
10027,AoBkHA7-I84
2135,90T7iLuzFgg
366924,G-0bQpHlpdQ
635744,r0N997WtPgA
217993,q3F9ASSsHUk
420814,425M4M3Opkk
40807,3MK0mHbdZd4
141,bzLn8sYeM9o
393624,t64H3S7r4wo
6878,U8LO9hRL3fQ
419831,n7Jg-eo8nBo
1597,9542640
9798,2fRDxdrKH7k
9529,RnzzBssg3ac
2140,r0niCjov11A
7551,uxdS8TP37I4
55931,dqi_v6vhRE4
1635,139c6HgY7jA
1807,htlsOf3PnGY
1607,q5nQyoo1LwY
10393,Ivh1DoSVfyo
644,oBUAQGwzGk0
617,div2cq-lL3Q
533,BXYNHHj4KDw
4379,mW4iEGH1-1E
8367,fERE7bGPwmo
782,MjOXPVmOBSg
505600,tX2MvB0kyA0
755,jNuIn4T-CLk
168672,hk3Bzss8hYI
44115,Ba1IhHAqLgw
4032,KSyKO0Lklmo
4964,K6oqO-xMERc
65057,3R7OzS54hbo
620725,EtpBbRsNr-M
399404,eFFj2gS9UWs
301804,7-1jKAc3RGk
433498,xqj7XOv9mC8
928,zaNIwSzz6iE
9486,7VlpHnog6rw
617505,kY3SuNvqQPw
606117,F0WNgGtRwy8
343674,twbGU2CqqQU
581734,dVP7PNRx8Mw
361292,3uGIEY7tdg8
338676,fzcAoKQ_h_k
3580,uDb0XCenR9c
36643,R4JgqBlbnJk
9374,hXBMtFaUq3A
65086,GYF65Vc2MeI
2666,ZZKKJzWjas4
16538,E3PdRtuUwIs
42297,p2r_8l1c2nQ
11596,TV8za5nWxwo
527261,Y-ufZuqTd5c
75638,IzDOkA6O6rE
10307,WzObOLaz6ng
26466,17XqBdCiHOI
644583,7tmxxzZXLEM
5123,wH7bq_RjJqg
402529,nsrOCzUwcjE
535292,qaZoSTG10lw
1281,-jCq13TtzRY
404733,kWqAJE-Yshs
12094,qBZPCE0jr6M
508965,126287950
1948,uEXsOqdzYhE
3179,jRnVQ4NBXko
2898,rrRl2QQKkI8
581600,bgKEoHNi3Uc
87502,WmjawuFvDu4
10189,wBSg5HOpXgs
1588,NcW73CYMxaw
8488,dMaq_pfxs-0
8838,bK3uqWggJ0c
365942,x73-573aWfs
8007,PUeWBp_kmuo
10057,FMy1TFRF8Lk
8584,FqHg5fc_0_U
1498,rnpQ25ISxDU
41402,reRRAEVHq8E
13523,2xOUCZH14Is
8068,MdZaOB03b1U
10637,nPhu9XsRl4M
49017,_2aWqecTTuE
49049,qVIba2N6MTA
1538,-JDf2zIFgO8
76025,Op9iQiB_ANI
449563,8ZwgoVmILQU
225574,nODrjQUR5YU
11358,edR_niqKp1Q
1991,QWIyJZV0wl0
12113,32dchLiEEVg
2044,V02lqEpbk2Y
515195,H3VeHyedL1U
8844,bFPN23BktYA
51052,vxcz1XIKUmo
38303,S1-UMzt9e34
10199,VhpN3obM5fc
9871,Zoa1A987A_k
627,uOz5Qm2EHQE
339967,ojLzEjAN5xE
11675,xMpeZ1BXEO4
340837,4mcVodJmBlU
1903,BOFHvI5Rob8
40205,sYB7zfkOd7c
10431,eKqbjcR_YD8
537996,_2PyxzSH1HM
264644,6C6fZ-fwDws
9619,O8HNlhVbGzY
330483,nWPM1jTnuuo
12182,QwlKyz_E-uA
157353,280qnrHpuc8
400106,2SRM1WpVEY4
31011,brCu_ifpE28
10982,RGV-cTSr6zg
9631,LJ1pS1W0XXg
1645,701GQjY6PaI
587,M3YVTgTl-F0
7299,UrIiud6EYQs
682110,zEIDwdlrjyo
1089,UsbuQ-jg014
881,2T2pyqrr8UM
369885,HSCQWX-pUSg
308639,strEm9amZuo
18736,ROmW4FOU0RI
454294,TADKiHYj6RE
29427,TfeK0aN9w24
306819,WAVj7WQfMaI
1878,9xgZ8MqnPzQ
600354,4TZb7YfK-JI
134597,n08aIH-Bhcc
242643,-6abltUcric
227306,kk1M_HwmFMM
486131,lD41XdWcmbY
6957,YnDeJn-BX5Q
943,PlJknryKpZs
1273,74_zGM9U0gM
68730,yfcJ_gbbNMk
9595,ih78dz2XyLc
8292,vZPi0K6UoP8
9919,2ZMGk_Ml1fc
4478,3kA0MydxWUo
289222,T4yOIInh3QE
22972,e3KJ21TLKVE
2133,T2hBBONbMCo
693,48S3ogRGpjM
275,h2tY82z3xXU
413362,CItEtnp3nPY
375366,HjGkB_oWTe0
64686,DEoDulGTElE
374617,9KgWvvz3U-A
489999,3Ro9ebQxEOY
454227,Q-G1BME8FKw
71859,M7UD_WThLME
322,nmiA24jwlbM
520172,h58HkQV1gHY
309886,eGvTRG-iud8
1581,JDQIE9_AXOU
795,ofLGLA0QAEA
9366,zPffBnqtVzM
258480,TtFcgRNQbxU
9390,-Yis97XiK34
334543,xNstK5rbzcw
9559,_Qm-UhA3b4g
513045,i5l6a5RiR1E
9593,OJw8o49CNZI
3131,x5YmI2PW9R8
9506,1Gl2kVUsy2M
2662,xbRRD-cD7h4
389015,c_weoC3HT6Q
72387,gU-wjVD_58c
12133,CewglxElBK0
376290,9CM3idbIFaA
10312,lZqGA1ldvYE
446807,XKMSP9OKspQ
884,x_ABJM8XesQ
5176,jX1m45CwvJ8
579583,azkVr0VUSTA
509,4RI0QvaGoiI
10663,YeCM7UTyr7M
506528,GqoEs4cG6Uw
283350,VrNwcGVGrBw
239571,WbOCfBjr74k
10428,Rn2cf_wJ4f4
4824,nszMBbCZKo4
10632,53AH-k3go7U
116,wISRAOb6xm0
425505,Ac5wrM2uYbk
978,TWkrRTPtKss
382322,ZQTqu1_iQkw
8848,P-yikylK5gI
225565,wRcVgJjnFLo
355338,Grb4O24QGcs
8619,4wDVf5Tkc88
44264,unEO_p71cik
261023,R_F-lVhSfx8
60308,AiAHlZVgXjk
115,cd-go0oBF4Y
568,e3ZtOS4MCkk
399174,dt__kig8PVU
4638,L6PKkxn7pq0
1491,Q5mjuWfQfHc
524,EJXDMwGWhoA
86825,YJWrXKoTpL0
9768,yB1bLlguZVY
7326,K0SKf0K3bxg
137093,TvK3m0wJutI
549053,z9CEIcmWmtA
297556,donPLB1xaBw
425972,u5qZOqrPr_A
10539,iqrGesf2xbg
7453,MbGNcoB2Y4I
8978,bvBVGeNY1W4
425001,EohVvIWg-Oc
13804,7GNg6rAg4hg
3563,ryrFuOLpoOM
359940,Jit3YhGx5pU
17609,4062746
331781,_2yCIwmNuLE
537056,cQFFnUg0u70
24420,givOs4_nb-I
351339,fgR1jhEt37Y
71,Im7n8HGOQMs
21032,a6lGULmQdb0
30061,EJruJxZJEvI
345922,9aIzXYo6VCE
9035,b0LiSIJIDgU
9522,GnD48PD84-8
3594,TUTlOC4mVQ8
77887,S1Q9bAochC0
7303,lR81Pf4DGpM
6282,2lqWOOHOwlE
10510,yiypbCFV7Ao
817,mYVb4OLk4NQ
688,Up-oN4NtvbM
6950,AgZ5goJibn0
2652,hvx0m2SeOSk
76,25v7N34d5HE
45269,OpH8kO1AyVA
9441,QNUu1d7i26g
328425,bC9A2tV-Tsw
263341,WdhvxJZDqzU
9429,Xvl3qJe9L9g
1911,TgZYiBCAnME
12435,Fwb8euJ-Evk
8195,HUbLn1-M40k
17431,twuScTcDP_Q
327331,-NOp5ROn1HE
11282,cwP5E15VzRM
283552,lk7yw00a4fs
523777,uf3ALGKgpGU
4148,J_l8p1cjJ5o
619,cndM_b_ftpw
409,N1OopmufwUo
18781,9SifpowU_-o
12159,RmZ-FuBThuQ
59436,FAfR8omt-CY
499932,EIzazUv2gtI
369972,O9Y7DTCn7Cc
9036,NXkoGlxVbLY
257785,vN8mT5iXK5I
446101,VPQIQuDoURo
11820,TqSX57vIXIg
134411,rieI5g9fgRc
59962,oleuD8479uM
2112,n_aXrHNqQro
35558,Zn-D-9su1Lw
10398,mdxrxbHsWgE
457335,ZOFatKD0Vzo
6557,gB2bILnrypc
578189,QCfSeVCr7ng
634,EH9CWWqb-6E
10314,kI9fYsgduGE
457799,-lW6Z38HHJw
9276,E5sYFnZQQlY
97370,J7bAZCOk0Sc
38167,mjay5vgIwt4
740985,Xi5L8Lucx3s
401469,6S3phVSi0tI
353070,hcdTN5soeQw
83542,UmJVFOKaGUY
615774,ny89LdJWsRg
243684,Ri2m3k2k7Qo
611207,-JtwROpSVWc
16617,ZTLaj8JuIsc
95610,0nhGGQ_PYyE
50348,IFwE3UgCMIk
1669,3C2tE7vjdHk
12162,HIoctqfxNYY
153,pLXJhTDVoZQ
459992,ZKsc2I4Tgsk
43933,njeofv4dr9Q
239563,9dP5lJnJHXg
6023,CZzW6_hR068
583406,sSjtGqRXQ9Y
184,G7HkBDNZV7s
9454,Hcj9fyx6DXI
406761,JqfuKsoEEms
1493,8emJD-rR9Cs
399057,6RcP4I91kWM
525661,YXL33tEUA3g
581032,F8auVKAgyHI
192102,ZGo9rJEUd24
13335,Omt3tpgKDsA
321528,ICOmWEVuM1U
398173,BAaLDuEPglI
656690,uaaC57tcci0
37137,WvY-X4P5y7Y
457136,wnqjSgMU36U
79218,Dk1XJF2SX4E
7345,0FIm5ATyAY0
376570,Q_P8WCbhC6s
186,mGQmSCQrKKQ
466081,zm-wwAyeb44
74018,jMFRx4gNJiw
10623,bzV6WtYbffs
12403,izudtkH3rkU
4995,QzmUsgJE4DY
7305,C2lFPEp7dbI
45317,LRIZ4mCi5Ps
532671,PdGjlw19nwc
13809,TdpR8VuvbCM
9516,CD2pjnGy8Fk
43923,uXU3BDvq-sQ
504,OX02QBHid7o
666243,v1Zi8rIipYM
429300,n9ukI7khQpE
241848,2dEWuatLKGw
50698,Qn3fDvUXFps
428493,ki3B3C2tGBQ
431530,geby7Ene7dY
11808,J25z6Rn5Xek
376659,2RZbwGItfd0
707886,PhLSDnxLp-M
502033,VFOrGkAvjAE
556678,qsOwj0PR5Sk
212778,FF_rYNupPwg
11096,o9uEkTPchIo
406994,zPr0nuQO9Qg
4553,H0fuHY4U1UA
241554,plrh783KCqg
203739,Gr9cSq0K2vA
156700,cLnAiVI4R2Q
19959,Zl_h9RaL0es
84199,Pa5963ftpDc
11023,dad4-gQfhMs
82695,2TRU1vt8o7o
427900,l9lmo3zdM4M
9398,YtQq0T3ExLs
376867,9NJj12tJzqc
55721,FNppLrmdyug
251519,bis7XOu0Xms
316152,3EMkxEKKSQI
819,rNaMAgf4ErE
1700,iDVM7oUF_AE
9691,EaN1ouLvtFk
458423,XcSMdhfKga4
9560,cULvtpaIK9I
8386,wN9MScUbMng
400617,xNsiQMeSvMk
321741,Io6hPdC41RM
2119,zyTrK5tqJg0
51162,hRT86ZggCEk
181886,aVvgt3jIUsc
461130,aKS7vAGQlnY
9437,JiHGk64-eNE
9285,RXmANh0-2Bg
1887,fCXgqya0UH4
12225,8BtOX4qwe40
2277,CbG3JoXU7yc
263109,zQHsXT_fxb4
1492,bmnLrzG2zKw
13455,Pl3KNqCEtQ4
9313,QzkiwVXsuJQ
35690,vZH0Nf4KLBo
8077,TtOBa2SMSPs
504562,Fru8IkuDp_k
11395,Bx8FX7etF_8
22954,kKLDqC0rLIY
37094,BD5ofrSNDFA
1440,0GaM8oSIjFc
399796,T1B1CxmAXLk
2832,TQkG2x3qTf4
152532,ety5kOjlXoU
203833,92EBSmxinus
10052,_fglzCnPlec
220289,4bsdmwNtUkM
12122,0WzcW9haPto
487670,-OUhbw-XsTg
81250,inFOVzo7We4
2085,tIub3gqPdiM
491472,T77PDm3e1iE
9788,MZkurgJOP4c
9388,4GBJOWqlXqE
2043,kswRbwYqn3k
2118,gg0VF_EnFI4
19101,Q3WJrWZ_npg
8963,cc0Az3IJFOU
111190,9d8BvjcSSUw
623195,P9vXNloQfTM
244267,amFKzf4Lr5M
7516,202uOuNsgow
41216,huRnGh-NWGM
199,YQ1eiEvefKI
10934,aURoPYu_29w
392,692hOJq1KJE
334521,oDD3I0uOlqY
9587,sET83nlk1NU
502425,ao1A4SyfVhg
1535,M1f0c3utHGI
11665,guUYvXf_KvA
401104,705yRfs6Dbs
11979,2Gu9HtN05sc
9029,EsO3PfQiXy8
431,HYoTGYT0-I4
396371,ipVHY_UZ6zM
286554,Kb7xAUHKhok
8051,IRbca0W1pJ4
169881,IOj-Pn5WJkw
84348,-uOISibzrUI
514921,Rm4VnwCtQO8
9986,ORMcpzpmLTU
8409,Nxv0VLPy2_o
11460,GMMGg_idxqE
36593,WQ3p19A1mbw
8321,1G6W5CTaULw
441130,BL_RH3P6Cz0
22586,5wfMVdyDa_g
97630,EYFhFYoDAo4
628534,oM-Nw9XzqVM
76494,_8Um0DEEjkM
11635,u0WMUdbwv6I
331313,nPfYXXg65qA
13027,_wkqo_Rd3_Q
407445,dqpfdS0SkZs
244506,_1MDrwqjeGo
9359,mQ69CVbCiow
319,lEw0Tldu_Kk
9255,1FkxFFAHMws
347031,yrK1f4TsQfM
625568,3xIO18Du5aY
503616,YsVo5necW6Q
204922,L6ckwpaFbBM
9397,qAiUZUHcEbQ
334,cxcegktcxSM
446354,nrXlY6gzTTM
1251,g65ewJJ1USc
37233,Auxb3l4Y8j0
13576,zUniG6F_RzY
9614,y1emDAYCfVQ
592834,pfAhQSz-j_o
254320,fpt0tn1-54k
13151,pxOxUpWE2n8
429200,AVyGCxHZ_Ko
201,LTMwwa4gEuU
14410,kDDv6pAbN_U
9386,1iYvdhMJZkE
9800,cl4B9AU45P4
9090,N0324KvZc7M
8845,JO1sXQ8DpYc
9457,gVFEVXIyu00
69,pbQ22zWPYbw
339397,4NRQPTE2Y-c
285783,GR1EmTKAWIw
241239,ySWXwXlXlQU
462,keZXGaDvK2s
721625,IgxXSfto6Vo
9208,JtNxbR7n0_k
11551,YwIt5wagRsg
10586,jGsiY-2CkPU
11622,AhMQOb0tEmI
424488,IGGcFbW__XI
397722,XnJswAFjvJo
451,O4HrGa2-RLc
9705,lFwtY1bxlNc
8699,NJQ4qEWm9lU
179,a7O8mPlNlRY
13012,Sr0zDhqfOVo
9007,cgIS8Vfp1MU
308369,QHPmmNIaQuQ
75802,4FWReqkTWfA
325789,7cnUI_ryp2w
65754,YKWXEfXGWtA
19898,9q42L4XNVhQ
4147,tGEveEqpjYk
487558,pFc6I0rgmgY
3432,hXfbVIFc6t4
301365,YqFhKdRFPvA
1957,FBd5_gFPxME
552178,RvAOuhyunhY
2026,W1Hdzwlht7s
168530,SD4cQwr7n5Y
9913,654uzrc6Lsk
83666,5E6i53flbdg
10761,XFQN3biQ4x8
228968,CeTbosqNayQ
508,PP3g0WzGdQY
1497,eq8lZ6RUSCM
255343,xrABnKrSqds
712,ALRW0GR3DSg
505948,N5BKctcZxrM
414419,s_iExUQIH9c
7552,ldbkr2eN6qk
58244,3bTHH3O3MSM
155084,57DsUaFd9VU
583689,Sf34qI1hjKU
763,Ogj4f-V--h0
429197,g09a9laLh0k
48231,o6wuWnzjPvU
416144,Dz4jnixs8yA
523773,ZH6kK9oiy4E
605116,xw1vQgVaYNQ
7350,f-eyQswdc-c
11528,qeI5BQpLjqw
11208,vFo0u-nXbGk
502292,Qe9B8kzlFjM
11081,Uj85gr6R1as
382614,Nd60i3ZnLOE
437586,w9Rx6-GaSIE
8224,OXYrVPY6oQY
13969,PyQv-dNbTOY
4349,T7xGu-SnWUk
11543,6LEuhBT4TUg
1592,PnmTi7hSjrA
1360,uOUzQYqba4Y
387592,xwp8betWIiM
74465,Krh1koDU2uE
9909,gA-5nLQCmW8
29917,f8bTs6HKiqI
527435,V0xv99h17QE
44629,YNszOl14AWg
410117,yhSnP7wRIeg
11862,yCg8WNQwe0A
12110,HGCKrgSeXcE
6075,0yehgqPtG3Y
394117,WwQ-NH1rRT4
59961,oWzTOoOpFa8
1164,PqPNksLZIAk
338766,JQoqsKoJVDw
724089,5g02v1oz5Y0
16320,JY3u7bB7dZk
286565,rFGiHm5WMLk
6283,xvFeWRpeU1Y
49022,IoiZtWDO6CI
4380,UGtS3CL-zpo
2055,Rd1tXbsOGxs
22907,0DItbZIVKhk
303858,qr_nGAbFkmk
295964,QsyzkkI_g14
433310,d2sJNee7FQ4
398181,mAdgpYgerjc
12689,mEVQt3dg1_w
454652,c_8U7gjb2k4
4547,8IAIJQpQuSM
164558,mvl-YyGRXmA
410199,JY0DGLrd9GY
227156,grwMv86Af1Y
200,N1XmtdMZdL8
408220,dpPy3sIxbmA
5915,g7ArZ7VD-QQ
926,B34jbC43XzA
339380,28dHbIR_NB4
112205,-SwDU04Oeak
493551,07Y4_6PD0Z4
615665,hxaaAoI57fk
1738,OwIFRm7sy8E
68734,T29kIOXpj6o
18320,q-YPoBU7_aQ
6435,R7uixLkpjPs
1640,durNwe9pL0E
1365,IaTU6U10p5s
145220,Vcw2Aje5KU0
2288,BdmOjfGTUzQ
64807,1bQSOBJCPQE
454293,t9QtXGirWf0
399366,bkCqmAxZXvg
291276,0-t9iIpsbgA
137321,DBSj1MKwx6A
13600,FOC8PdK9gSA
13022,BFx00dpfApQ
10543,p2AlffKozbg
2789,cSqQxoT3wMQ
734265,3boMRfx6cjE
2742,7tC5ryr-qRs
9344,U9a5tZSKDOU
547,W_1dKoCQlxY
537739,3IM1vSNJw3Y
11835,RVdWq9jxejI
1817,p07lBCfC2q8
547565,2Tshycci2ZA
12100,ukE9fqjaNHM
454992,OZsYiWBgFOk
310135,AFlZ6pVtnv0
49526,Pn6ie1zCkZU
375262,SojHxpqswV8
1542,G_wiXgRWrIU
8923,EAe-1Lv1KYU
77949,3yneMKpmA8w
786,6iyp0qcf7-w
587792,CpBLtXduh_k
313106,Mkq8pnvsnQg
501907,-VLEPhfEN2M
2064,d3RSYSsgz3w
9896,9bRUdtiXxKM
12149,mW6TlPMHXgk
1900,g3Du7F7htXc
75674,35b_UqGYZgw
2320,3pdPOqN06ec
8741,mKl5_OxKBn8
4836,QtrbWfZtxxM
4464,8fnYdEGeXbM
428449,c_3NMtxeyfk
5236,__PnD1HWXSo
8338,03T09FAWaIQ
526019,9ESkyRFEso4
87826,M4L6ruTF5qE
10497,R3EMSHqkbfI
9571,Gkvbcxg9JkQ
8874,T2RzkwK3BtU
511322,U2xDIe01fFY
1574,9EpaMmF9WVU
8461,Ec-70W_K77U
8967,RrAz1YLh8nY
335866,z_zSG2ODWm8
419704,P6AaSMfXHbA
336004,BvJDL8v8lTk
320,emIHzg4VH8A
12106,NfRrEUz62Lw
467956,ev8MxilXgj0
9489,znESQTt3L80
15567,0Roq8BJWdBU
50456,Tjtv8tVtVRw
411728,8UG0-caYLfc
615643,KQ0gFidlro8
336000,VJFRjL8_Dvs
8840,P_Of0m2d8-0
51497,uSDNZeRX_1Y
866,m41gObaKgOw
532865,JZQz0rkNajo
2179,XgYhYp4dFWM
421,aZVxCNwBqXI
11321,hvu2F6t26hs
77016,THBZ6Bx9DgI
296100,kOBdxkhJvHQ
109443,StEPO5sg-HE
63492,bgkxGrsX-A4
820,s8az13Y1rUM
1907,t99_nC_tYVM
1598,jsXIpnMRu88
773,VWyH_twcMl0
333385,5dSDOlC-MoM
11529,BM89EgWx_Gs
5551,7PAZBAV43Zw
522212,nuQ05k_OOQc
2294,HjDSFna_LXQ
400579,QRtBP07gIHY
424121,J1JdWOqc9Q8
96724,RxtsC_LZ9eI
331583,XZj7DFQEWwo
470,x_tPi8pYzSw
9778,ePU2Ux9JIMM
9315,o_TUxNsMh30
1551,7FlbnHrrLd8
6522,_0LkiWPmnns
8271,0XDdo6a_UZA
10735,rayI38YhpEc
353326,oXGm9Vlfx4w
512,epKoj5BIZV0
49517,VW-F1H-Nonk
218778,Z_dideF5qvk
515248,BBd9gcrj2Wk
411143,h9nrBkQ2YBo
109424,y41gcJQGiKE
50839,5RIU83i-WMM
10166,d_ZyqaN_XNM
9963,qwqCTjl6IJI
2654,fitU66jq6GQ
49948,VBNhfFbKcRU
291270,WQkHA3fHk_0
450489,LKnQVCCX8vU
8843,eIpy4p_yMV0
5289,IzWbjvuIgAc
9428,FeBa2s4ldU4
515042,urRVZ4SW7WU
293970,zreNh78kTjg
612706,RAcHKtUgIC4
280996,PefdItDGJnI
36419,C_F8lpJXUTA
6278,NFZoDnP-1eE
26388,4CCXSG1WSwY
15400,yKOeF8v67OI
2642,_guQ-_EFmHU
9331,3sG1tGbpT7c
10683,JzYllBpl-9I
9944,4k9bqqLUge0
12610,KF9mfwXAFgY
410718,yyjr_3YnL_8
440472,EWw7rCHcduQ
9955,YFE-6XlAAmE
643882,f9OVdmIxkso
2252,tNnkDFOD7J0
10898,q9T5PqCaje8
1544,DnC06mrThg4
1909,T9wFFu5CoA0
334524,b8V_d47J33E
9675,DGP8PwCpxLk
59,dp2CxCsK8nM
696374,Hj_ipBfRTrM
582913,suCxG2vRO5g
333352,jGOdNUGLfRI
14533,kW2kHwRIx4k
3683,uKuym66LIr4
480857,W1KcE48gIng
455,Z7Pt_GMDdGo
398175,7FnAhrJDTqs
1090,lB17_peD96w
435615,OiZAbZeIHLI
1443,8kDcCGlaBwY
641662,1zLKbMAZNGI
2289,Rq7ecfLUtZI
4584,G0XvqB1ENzs
402298,Gfyw7Uz8_2A
246741,HUPhDTG70f8
858,-Lj2U-cmyek
4958,lpsF4MfeGlQ
9272,Wv2Dg9LcNZo
300681,bKdpGHazAqs
416477,GX3Regj6nAg
1858,CbX_SIz_9fk
8987,WbGD81wUgC0
1965,aaQ8YI-rX2s
46705,aw0NChcdQfQ
38117,0ENvJkKdjqk
618355,n0s0FJfyqGk
334541,obdKk_sYQNI
6038,1QUHogxpXp8
10537,DDE9kXwG0fs
111969,ORKb_Vqbz9U
4413,Y9Bpr_AhoO0
339877,47h6pQ6StCk
13673,jiPMySZo0Sc
8999,31975629
9766,qm8vVSUnUWs
4599,022ampc_2gc
460885,rI054ow6KJk
11971,HvfOz6qqRlE
11615,gt7Jmjwjk3I
18487,9WTMFghxvXo
10220,sV5f97wqeW4
503125,mN1JedDL4Ks
319888,hyzQjVUmIxk
10139,s2kD-9QZOs4
85350,JET9XZmyx6A
4806,nlOLJ_H0zcA
37725,7uh2l0TQrdo
446791,KXHrCBkIxQQ
2649,bQow7nT-dkQ
921,PpdRWplFjG8
500682,aH6vC-BBKOc
80271,4P6mXZzY9nc
33689,6PKq7YSpO6c
157841,wjOYX_a8GXw
672647,xKN3Ksw84Tw
10833,HSMUSSmOhME
46420,Cb5BFm4qIow
82682,LlbN5cQKZik
296098,2-2x3r1m2I4
5994,SAI50GdruM8
147773,GiH5wmuexZY
41505,24530271
470229,6B46J7fY4PY
8390,LMpLWf5tv30
112949,mj6i_Z1Srsw
9008,5rkvxi5hdbA
443463,_07ktacEGo8
292011,gSMxBLlA8qY
524348,x79Gf4cJDDE
489930,-9-HBqVbtTo
11003,8yjOXMTa6vA
429733,iJJGAInln0c
8054,eOL-wZSCn_g
227300,pnhZ3DBaPM0
8470,-yE7XSLJVWM
10760,N-Hua-wJzVc
1844,Tj6pvrRc5zo
87093,2xD9uTlh5hI
9293,hDmtPKruS6s
496,vlnUa_dNsRQ
10564,HbzcodGsaRs
1921,A7hkvdyG8x4
14207,eYUHJ978EU8
55465,DkxleZ-SpFs
80,oI3UuneLcyU
192132,yLR_hf-mxu8
612,0LFfT44BlaQ
463257,UNl9RqjLCwc
3635,lJeOIpxUZHk
23048,HszVQgs4e_c
4104,oPjBb1qeiK4
492,SGbqOICja9M
22947,rTL1FmvVCuA
9900,sEA_g1UK64k
11228,tRWIfCpxNK4
10435,xBh_5F3aXTI
382399,JctCSR1hSsw
26428,RbuEhwselE0
339419,33g-ZHBQdNU
10185,QHvnWuQQidg
10851,mhXXGHbkMk4
7442,FcQqsrf2gik
318781,SiVAGDTmlpY
418879,ug4pvvfDkDo
468224,Girzu81oS8Q
157834,RyMSRRNHRos
1633,o5hb5mc-dfI
313922,oibkSr_p6sc
6279,_QcgjGyRnuw
8872,OIuhsHpcNAU
1969,fifxy15Ca1w
294963,4KNWbfRDEv8
1541,2iBFmKlO4BY
90369,gOP3Uicg04U
9563,cC2rkQThgX0
212716,-VJmjBYvc6Q
11880,R_0Ej5N-hFQ
2655,yHkYJuH3-Zs
7737,eDMjVARsCOk
11652,Aux_hRJYED8
188222,Vz2HyCgUWh4
10028,9gPkNpqP-2k
226857,TRXGch6675Q
371645,dPaU4Gymt3E
13851,0beX8b4zX5E
17927,8VZ7bKZ4FWE
4614,HJIF9-6D52w
10155,9bt-0ISUwQ0
433502,FPv3e2FZOgo
80585,jbvzQLMqfH0
7450,mK7huyUD3i8
132363,DUA7rr0bOcc
13920,bcfvpJvbYyU
333669,U5R0bI8EJCQ
10158,NHRvNAENaxk
440161,3OwvqKwTKmE
449755,K4STcvndzbE
404378,r-WswZNrsD4
69668,XFxIYqcmRxc
33909,q7j8leLG8fc
9615,p8HQ2JLlc4E
1247,S8tdWA5g4Xs
11008,6Vvlw7uPdn8
2976,SUoG7mqCixI
4244,d86Qg-y9eAA
489925,y8lFgF_IjPw
2259,uTJ3pUXoCcY
3536,2imOf6-H3tI
26390,7XfcwkjnknI
9535,ejjjWYYST1Q
10316,Uha0XfGBdMw
13374,BXwTJoBPgq0
34647,j8SKVcDc4po
347866,O5ROSS9ReUY
9103,EaCbSlAsQoE
1381,HHaJY6SL7GE
49009,mMRJonfmQY0
4944,x7MrEj5sntw
8374,5CKb1XHh3jQ
5038,B-RdUcXAKiw
9411,JC-ykURLzSg
468,t2Xnv2nV0lI
229297,LAwbwKURvm0
353069,AQkCNxIM5yk
2100,MHGJk2dMfa8
4643,xnih2FX3y_4
178682,YMpp7HV6jjQ
9833,o1XY_ux5iUI
4141,jlx4n_ibNZE
314365,yXymzwz0V2g
109421,v2IT8Vt-PVc
11017,k3PUNBE9J0A
15356,biRvF7UwW4Q
241,PgxH1-yeWNI
9763,--qOSiMyD84
1523,iV_QgKJFZP0
7985,2k-oNOYRxnk
401246,EUzRjRv0Ib0
74534,y7KT6lZjk3A
82525,8imzQaoEwsA
245703,oVgxxdu-gJc
9801,2DFQNPx5sxA
467936,0J-_v38DBgU
4477,RozG2ejdeh8
303991,eTJ1qS7KOm4
10400,tsmszHWnO3k
8005,dX4Ik-cyp-I
16,53vr9EiOH7g
2924,DlXcUyFjNgA
11412,nm2QHKByRQQ
542224,6ZgkHjpUM8w
424781,enH3xA4mYcY
295699,1uQq3jQdIkk
10731,EZY7_dCQRgk
438674,2p5pdWyyZoc
395993,CiEOxROoAnA
635731,1i-_CRKdh4Y
102362,6WKmnAcMTKM
9357,1kF3SCjGtI0
11172,tiEoMwwk5uM
376866,7J5f3IIhadQ
467660,u7KZrt_cHH0
8688,LwNgUdp2otk
16553,Lrz0qQ_KRfg
19901,7ORxxsdc764
160588,KK7_xLxf4o0
38684,e8PLpXvhtlc
6415,OyR5bk4_pHk
11025,nB9VyKVHKKw
10719,LMPyILBePfI
103332,xb3_AE-UinY
467632,h21YODgfY-E
44639,FzrBurlJUNk
513576,iHBcWHY9lN4
6964,6zVzIaEuXS4
3595,mebIhXK8srA
167,YV5s07zI-Bg
9556,L58rdhCfDIU
38050,fSeWHl1PaKs
15139,wEiJecKrFBw
396461,mwgUesU1pz4
293,5Z7yeXtBQMU
523172,DxefiCjQirw
4512,nk0JaEwhf00
7461,ObslcA3FhwU
11259,01c0fIg1bFI
306947,ul7kA785jdQ
48289,O5w8PurIFkk
1406,rpxVp1g8xMQ
10677,LBGEbEqQAsY
69798,V3HzTKbsqsY
198277,uTRCxOE7Xzc
62215,22072654
38357,s9lWUqraDoU
471474,RhllAGs70Kk
11520,i_WM-YknHaU
342737,TSADYQgDLfI
9427,d6bjW9OwSQc
1727,MhaVziFh1ws
20766,8CwJHxEQ0WA
429189,VFM0UqX9MJ8
91745,Y_mdm6SafPM
418680,IsAlKzokl-8
11236,1zeqqhA5Z3A
405177,Em1onUCArxs
369192,o5ykcuAS1F4
4566,5kJRYBhG43Q
86838,jsHR77oQKEY
68727,976y9Xm6BkY
254904,-m8V7G7e7gw
402897,ukJ5dMYx2no
24480,gaCfY57LIkA
298382,uPCyjqGH914
2069,671bZc4jX7g
9922,BC8FxxvXYTY
10779,zmQxM32PWRM
250574,o2y8kKsxeII
438808,qns48PtK2io
12783,UMMEdYCxGm0
13813,n-9eUXSzZNk
11005,GgWMS1KTSBA
23759,yiQCofKrYAI
290250,Ihb8vCrj2kc
69735,8o8O3E9XSgo
146239,LoXphwjmb4U
1934,_CxNF4eA6yw
556574,DSCKfXpAGHc
1537,-1X_73QwPks
205,j2vMvyQeb1U
483104,tG4Fbj1B1bY
199373,PKKfUcGrLDU
451480,HTDNGv61-Dk
205220,a8WyFLsdtNw
97367,Tjes7u9Vewc
376134,z9j6WcdU-ts
411741,FbvoNz387K0
341006,L7ogzhx2P8I
11170,vmH61rvDQxU
24803,ozRK7VXQl-k
622,V1ueyfoNTdU
1923,fqlfoTzrYhg
74643,qjCQmpNkBI4
23082,RhRnmyBjOLs
284293,oGN9b_KJb_8
455656,3Sy7RofBmrs
227700,H2HJA5MEFr8
37861,Ex1hX1Cimok
614560,J_NqUYwngr0
340027,e87x_slO544
8489,STuHQ5HpmEE
10684,F3n76pChEcs
226,uxWt9rxNzjg
864,wLlmymHRNZg
553,J5-LqwUHTaM
3509,MuwyBuOb7fw
228970,xOPl8gKdmYE
14919,86RkglA5nMI
88005,EmXWcXKXWBk
491283,QPgWnMXRv5o
1213,Ylc5ToQoLg0
597219,B-yhF7IScUE
508791,3On0BXzGnuI
293646,hOoIBOYqHyw
4771,o2OPEBi0d68
22897,FtbsGSzTOyI
522,CawVaHxWvnA
11601,Daa5VOnUWsA
319075,7a4imrOhK-I
2086,o6trRzB8fiA
26963,lw2_HZTuQBE
59678,cD0gm7dHKKc
49494,SItBFjaLArU
167073,15syDwC000k
302,NlQiybP-2I8
44603,toJPUHh3EKI
9667,rCxQ83Pg1Ko
369557,jYk2Vx1z6lk
13363,9mOIxyRTY5I
12201,hVOH8xrCI9I
315664,BQc-F9SRG0A
529485,VzNJVSsjE-I
1985,UYXYzzng3Fo
180863,EsozpEE543w
556984,OAaZIfeQzT0
10837,0kgjtjdlEkM
71864,mMSkbH0LuTc
7873,XbS7M4-Y87Y
2114,GnE64DbnUzY
9822,3tPWHp2KZoY
9912,02Yy1vihIKs
72113,Zvg_wK6smK4
76170,u1VCP3O8wG0
228203,j-VAOlHGE6Q
743601,ep8iKiQNSrY
2787,RU3eJmbyqzA
2977,OYViBfUvSOA
371638,4qab3TMg42k
569547,wgvLiKl8nY4
110416,VrhoOzW8oF8
243,6P4dXJ_Tvns
426613,LBYwAV3w4EU
11381,U-xFypjUqTM
84188,cDat96UyT5A
66,aDbS6JvfPP8
15648,uXhk2QJm-14
34653,KTQT6hGp96g
7874,VYMqX3SKIGY
506072,gz3IHOTwZZg
2322,G_XRqJV2zdk
9541,CL04A-DrIEQ
1165,BIvESE9A_gc
401847,UvJIaNsf_bY
9718,-zPcMma_C7A
713,61ooIf1QDZo
1852,8M9lz5R1K2A
13499,Ct37x6Fhbx0
8326,NEvLRtDKT0c
9945,iLMnslWrM2s
46838,NdNpFoWrBDQ
308504,e44QilQbvB0
519035,e-pMVkg7wHg
1647,TYvVJRtN0vg
321697,IeOxo7o9T8Q
433247,Ty34ABLXur8
14024,BBntfOIjsRw
511785,V-1KhZiQs3U
68722,-EGSWpBDbho
500840,cDTg62vsV4U
332979,0yfWnRKXRac
11137,IWkNz_5tLac
6961,DS1bOLtMNfc
10025,ZnR2KrXcovM
284276,P3IsUOSHlnU
536743,JW4RgX08xXw
31867,jl9Nvg4yuus
14202,1oevR8c35Qk
8834,xM8lwvcKL4s
13595,AtIOup0nFhs
448095,HvPmJQiDr_Y
404,cZTpTFb7xE0
529962,q57D6kF5B1k
8984,_UtApAxpjJ0
11092,1baqsbEddrY
8346,O2mecmDFE-Q
8873,Im4g7MOb-G0
259695,vwejneg3sCM
250734,6jIf1okR6Nk
55787,CFxM3M0mwHM
14926,ftSY4DW5tEk
11232,lFJywpD2PU4
1245,n_ap4Czeo4Y
9759,7DKQh59_yCo
12160,BS5n_Ql1v2k
429417,ZZuLKf4XYDY
8976,MRPr34vEbC8
462919,q9Pk_Eq4BUc
9087,UrC75wUKoFM
61891,uBmnkk0QW3Q
4959,5mDi49Qj1xk
10589,ZLOwRK2rKJY
2757,BMwOEkTmTyQ
9681,FLbl01QrMzI
82992,z7zl_t48CMc
7095,iHaFdSx26WM
172386,Oe8SYuFkB9M
34806,cut4IW0oz1w
290762,kP6iAjcExfw
1429,2qZVGJd6-rI
1649,7AnswBKOKRc
565743,ZEiwpCJqMM0
12508,ZpSUqTJ7X6g
13008,Yn-RqhFl3Xs
10660,cEvsrvQ2RD8
9816,-xzdCd15gqE
44945,dIi3pOUY6xE
10782,kE7Ue5hjJc0
13531,uvIsvZlk4GE
11355,d97O5zOBwcw
458737,hCF5Y8dQpR4
10249,ljfW9KxuXhE
308032,7LviGTHud5w
64685,jgp8rR2fykU
379,qYQNlJ5zrWA
10647,_pCtXRP1edo
283227,6ihzIGDITqE
14181,kgCLG4gCAvI
638,r757aSgW0tg
50837,ERREgOobLOs
245698,YpHXBKvmmKo
465003,80WflPMzAcw
9613,ZtVeeAFJHRM
2163,ECIc4pX8zKA
487680,ue_NxLRGeOw
1125,DTgGuFOh2M0
334517,rHNtzyXvyLc
11975,zyikPBu7RDY
228194,_kgUXVQiJYs
72976,AqXiUdoKUVY
18533,paa9knyJKrs
2207,55nKvGV0APA
9918,uEd69QSBI0s
38543,2Ebfqkv2Yg8
14844,9tyAA22yuJc
67660,vxTN4eX4Vss
913,0pVmwrVRL2M
9333,Rz4pQWEtEhg
412202,O8DbQTjzMKs
531,t8T8bStabq0
512263,5RR8WTQzwSk
254172,Kw2it53Ixtc
100,h6hZkvrFIj0
6575,4yzjtnj8Y3U
38843,6yG4oBdWONM
10003,F4JOxijD1ts
231,jRSdGIOzSO0
5723,1A6rtu62WzI
423899,3xo-EP_O5pQ
254375,iWFVAIbIkS4
45132,tLj_Bzw8n90
417812,WemDKlmMAIs
10559,i6VQxn6HK_c
384677,X-eRc9PF3TU
11439,WrvkY6rAgHU
274479,SN4MLMHET7w
3902,MFUEofAr9GA
79548,giRMhrOdVzg
22798,RQGPdXnb2Gg
51999,A18GfVdNP1U
9425,4oeW9sflsdg
328589,Cx43QOphlTw
9464,1duitd-N1Us
489931,SKvPVvy2Kn8
430231,pcdTcGRJJRg
8012,yNLaTtpovys
200505,K3SlVsdUuBY
290751,NODxOb3hgag
480001,Td0oBCWO_I4
3036,Lg17y6iz7Xs
472734,k86KDFh_q6E
9303,gzAtuprN3tg
11400,i2LdlqW26zc
539181,Byk8tQGU5uE
18947,qX1SSiFWF-s
1883,vl0AWjXzBk0
341012,Qnj9Dvl2fQE
471014,f_LpIydyVlk
7304,9Yo6bOgtzSI
472451,-B71eyB_Onw
7972,8Jhrxn7QVDc
450322,nx3ctBjG6yI
1715,pGdZBESUSfk
10395,JBwwLfog4Yo
41210,EEYqgyXyk9A
9504,QgAU2RJHfvE
13466,4cmMukCFyd8
483,QCQwumNQL9E
82696,tjymM95UWlc
2080,kd6zYnHwQWA
103731,DTEDfEhKwLo
687,kgvbfLNYumU
245,XO4pbtwisBE
58151,txgGhyjPZGg
14337,fqx32xkATrY
340613,d81IM0loH7o
17332,-OdIYUPc40M
1116,xhn5_gUcO5E
152792,QX1DouHXGJ8
10153,G0hBmpHOO5I
4816,gpf0NFVLEn8
10207,Wpb616fwYMk
140823,nijccxWvyXU
11000,65zrAtyEHCA
8592,aYvFqGnW9zA
115782,SH1jKZwcS9Y
157354,vHkKUPHn8TE
257,4aUGLJicck8
11545,GxCNDpvGyss
2925,5YBmnlAeijk
9044,LAJJay0Uv4M
339,F1m6GlPyOSU
592984,KW_3aaoSOYg
6538,dvr1FvOnwfI
73567,JYcUUXq6Kd8
9620,284kahCx42s
282984,5Wf-ouBdYY8
278774,vcqcmib3eKI
23830,89V4QP-Bdi0
14534,firK4y-3bKw
326285,079zFCh81L4
407448,HFeWsDpy9y0
398,vq-kLlga0EI
2284,m4Mrga2aSL0
473,jo18VIoR2xU
7007,2mb-s5IRn7Y
9043,_wM0Zn3493o
2116,gtVWtSTsn4M
10437,KAk5KQABLuE
11353,PaFJwh9Sst4
10147,fKCL3TLofE0
12763,-yWRRvTBUz4
522369,ysjwg-MnZao
10440,MZAXZ24bAS8
74725,aqkqF--v1tg
13252,LsAb2wilCEs
9573,M0Xdqxk3qek
174,1wmQeXuDGGU
89185,Lc91iQ1Ivjo
4961,LL-GB11uyTI
465914,k2zvPTGiJj4
352492,bUN5uSu_VQM
11560,FD51I774-TQ
4688,OYa3K2kKfUM
396493,l_0sBk50Qr0
4518,DyGBwrtIamw
11287,6M8szlSa-8o
9829,kHdqw6scuIc
9952,UNm9Tzo5rvI
42188,sXiRZhDEo8A
24469,xf5VOvB5MHA
9819,XjnTcV6aJvA
290,WK0WjWlVO9w
72197,ZzddJ-yxaqY
6623,QG8O3Cr9kEs
268238,3REYWGRmLnQ
318121,BSXn-lIs4Y0
9451,XaQvqhtCYW0
10218,SoNOlh_zCf8
39013,bE_X2pDRXyY
11566,PTTe-rxTyh0
10188,6gWcI4MkR3A
64689,UNNhfFqXBgM
58496,sfosF-ZAbR4
9664,fpIXMVSnsOY
3638,qm68An_PzAs
401,_CLzzUfDjUo
397,tL9rSD0wrHM
641,lgo3Hb5vWLE
7288,lcsFE7C80-o
152603,ycOKvWrwYFo
318224,ixgd38EZIR0
39939,jZhW4JAISXY
106021,vknG01yvT9s
2788,xDYGo0UgIVM
419835,ERj3KafjfRk
1946,IEuykd38iNE
581859,D5RDTPfsLAI
474051,x6yaSYAk2KU
132344,NRVLVPWzeek
271674,B-9B1gfvqLE
9430,0KTWEFpDOis
86829,G1Frad8i4Z4
2637,Yt42df3AscE
1850,LER9pt-hFLM
9433,ZDTtUSI_CGg
11171,5Lp5v4oQZRw
4538,aO1bYukdvLI
474354,ZVpUZGmHJB8
25793,urFY3jp759c
11934,GYB9e6A_zWQ
9294,apduYg2VqTI
394741,MdcBNrjc3wo
8665,BvHWH8xg0Rw
11780,p76fH8_a32Y
37495,ZAGO_l_YTbk
245706,Y_NiP_bqlns
525041,Gtd3OBkGg64
11128,jpU7gzT6CdM
252178,kIYDNyEkJP4
14326,6_r1Y6zgCSg
239678,fH0cEP0mvlU
342521,NhwuhhHYNgw
370755,32exBSNsaBw
12690,h57n6R9pbU0
13929,gEkAxjjuUE0
11087,wjtfG8r14Uk
2046,19zskSsKgXE
13150,A2Qu80hRoh4
1262,0iqZD-oTE7U
10215,4u7akRLnGyk
12085,87UvRDYZUH0
4515,n_V6ulwA0KE
11371,-h5UgLvoaok
6520,zO1_r6slUlk
75900,NeHDZODFKNw
9434,IJ7AXKWmWOg
19265,Y6Q_TD-P1CM
6615,XNcs9DrKYRU
22327,1gBnVf130uU
661914,AVwMzFJdwuw
323677,_3ZF5b0zu00
141043,12jCVd5Evko
11983,BLH0JjhBe8g
530,ablYsAGtuSM
85889,WlJifnZxowo
13156,wvCF3Q4U_Fs
65218,Ecn8dvDK7LQ
295151,pitxxQYZcug
11826,-8n2jeAXBP0
2657,v9EHRObUQqY
9779,zZTe39RDERw
489988,uM5TQ4f7ycw
567970,UJzGE00wncU
9081,uecHd_qW1es
10403,HpDDTS08wPs
2255,2PwIAmcrr3E
3172,A9kCb0E4O3g
64678,tueRW54vj4Y
10479,usKVcBTxkfk
10972,LsxkRNvEbhM
234200,vsFY0wHpR5o
133694,vzEcZJSdW-4
1832,20CRw3XdETA
8090,oIqnESZW0qc
10377,hITJLnyH9Fc
12143,oFvGeMDW7bw
2293,_eVo7aBze1w
10641,U1K6d26T9f4
2142,DWLFW9iAr-E
13477,gsb8U014Hs0
539649,AE0SUud1R_M
15189,ObY7W7BVypA
4967,wORkOt7MOHM
11931,ws3QUUyoNhU
1710,lsmXhM4yfU0
162903,ZT1wb8_tcYU
374473,zZ-rBLtP1Ow
46503,Ca6hW4J7Jeo
6972,mfI4hK9I2k0
58232,87Ocy8J0RYM
7979,dKzAuhhgiyY
586,steA_PZPkc8
2275,k1MQqkCA484
1696,poxddLZq2k0
492452,OfnjoRzhq7c
24684,Ni6_91UhEc4
273895,x6t7vVTxaic
432976,qXoRdSTrR-4
38363,MpMGQgXbOgA
304357,wu9JeTX6Sdw
4912,mWyLE7kjGrw
252171,_YGmTdo3vuY
590,TZJCVilXbjQ
577,3QKzrZkbI18
232572,1NjYUr1k8rA
283235,sfttvNCIJvE
13042,q1K9EH90CyA
245916,2N2nuDtJX0M
2295,JeAgPiCi94o
7984,H0ff5KjZ7vM
102780,o5LpUfyJPvg
4960,XIizh6nYnTU
5516,HNX6W0aXJqk
5279,CjXdmXhwIQk
8952,01dljIcgiMw
1599,2jqEoioTQDk
11892,RDEAL9vbpM0
172803,2wT4KPsy2gc
469019,kB15UFO5ebA
59968,1yvn8a16B9Q
10436,3wQi1NW_GqY
274,8xWbc_kFus4
16614,4F--nHysJkw
12163,p_TDzemiYu4
773655,BxR9Zo36rbo
4517,0wNboYbgYjo
1730,isd1C7g6XT0
62837,kgyZjbzS18A
87492,p294aQbxkQE
3989,9R5dk0JY2xc
10498,GUXSN2ZOKw8
1389,A_GOrRyhABg
333348,4kcnBmwrXGY
301875,r4f7R0VLonk
467,_N50XofqZkY
256917,JL3WU3fMc1U
1997,xvRZIAwkTvQ
369300,MCJp8-MebGY
2171,RByrRpURS5s
55347,k4QnGNCp9i8
9885,8S13W69FQhs
1024,_bIUDcnHDlg
8092,P28qmkCrNSM
13413,ppfSPzbAQYc
209276,zE4ziBfu0JA
4787,tJ6nOkkuJtI
157849,x_brlcjskE0
50780,DOSOWNS3jts
44129,xa5qg7cB1ZQ
9869,lctC_4kQwtw
152747,dPv7kzQs59A
152599,7MsJYEIiIfs
205601,bTz5VjBscGk
198185,lEtNIoPxcq8
443009,kWku5rgaJWM
2291,BZE9bHKmkVM
27586,OTpdXKocacQ
81025,LqzwMX3ftLI
10414,Um_JU7HpSYQ
273271,7BzYpF24LpY
87499,7z54r8jvGj8
39781,RixlpHKfb6M
83686,lTlh70mx-eM
13090,syGGh1rbFCI
13931,13WMAsV3tqM
1989,zFWEWwE-hjc
11329,c80vGyzA0LI
13944,KG7t3xvrqEs
1781,wnjx6KETmi4
7863,vTt4Ar6pzO4
351044,W6dy7xQ8NeE
121986,lppZIudsPWc
11929,mH941qrVAJo
283587,oRsaclO0VbU
11592,DtR1czXKJqo
2759,Jtz7jaBpSKk
340485,qz8UAEeT32o
1259,AruRpjQquQQ
245168,gYXfARbezcA
7942,w6VpRfto9wM
9591,Xnanfx0vcEM
177,l9xGfrzpkM8
453755,298196260
210479,TsBDYAYnQb0
10806,fxD7Ty5ZhQE
103620,R5IS6XSXQ_s
62046,fKCzQ2BGOpo
2359,8BJyyyRYbSk
11099,zw-JFzMb6r0
11448,zLkA6SvZmZ4
164457,Gw0qH34cbRE
14462,rJ-CKZnqyqs
399106,Cn5l7HJaYuA
113833,fZxR9XHS0H8
241855,gcoRtZkDwKA
10909,2ut7heVeMnM
9282,XS8gh5qMlFw
11135,x5Jown0os74
363126,GQw-IX9yqXw
13291,Qq5i8y09ea0
7270,zDoOdd00nHM
6687,386HCnvhQ2A
152737,9Hd_uO72h1s
11093,Ev268GVGNIw
157825,CBHcT0hBmdQ
119675,IeqViWgc7QE
24238,eVdivjF-9nw
13220,aJndd5Eyz18
9298,SIZDns0DU6I
532,KtmmI9JCCUo
425591,a891D5_bGY4
10592,yOBPV_r4_hs
9445,dGLMpdoEuSw
162215,RSaxm68PPT4
188166,uIwzTUzmXto
26171,FnJdK1EcmEY
177494,wq1R93UMqlk
396398,sM5vWQUX9V4
11431,uKaldffU02c
12498,DfnPrMypS8U
11323,2w4pdDkYEAg
88794,87UeEHrQpDc
644090,TcilGWIzvdE
6552,HcVrp--9UUc
225728,puV69CWPfP8
250124,G2M9kqb5wVw
209263,R09EnVNGnio
8649,sfUwvmRmMtw
1630,fR6l4D47fW8
8052,rggtzgTDx1Q
242042,xJSvAFJcqX4
279641,dxAcIWDi8ps
435129,p64O8KAHHaQ
9469,njLUPZr4DeU
157370,aEr8Ogdm-3I
531454,AdW6BBF22AY
711,8QGCBH_2Dck
10223,wfJtnfG6EMI
1073,tzzT_Iaw0t8
472424,kxIua1MXhgo
8193,yeeQOZQq6Fw
615667,ord7gP151vk
11086,QHZldxzY1h0
12573,mDKHWRbK2_Q
14008,8mIug513ot0
2056,031TV29V3e0
193,MUieGh1fHSI
5125,IaK-HKIdv1E
10074,DhdrA9qz79o
157851,1bclU3w8HC0
6963,vRaCv5oNQ3w
565310,RofpAjqwMa8
25196,Y0349E7kFEM
209403,NMO7sBxE-4Q
9787,KHwimJTfvxE
324807,1mOVgI0-pb4
396940,a-nnMkMnFbI
2196,neCY4hh1wJg
231576,kw8VCDx399I
271714,OpGVVvkxjhI
6488,4aQ6vg3JB2U
40619,QH90a_nJUAE
244264,xep7s36qZL0
281,5yaXPx6xWEQ
25983,z9vJF61_NLU
2001,vCXVToxZNB4
10326,HIEHuEFDgac
258216,FTQBn0-kIWs
7859,_BHPM956cYY
246080,OwGclAAIpx4
84287,vVOAJt0VVBY
38073,1PHW-pyURHo
5708,7c2_B_cWK_M
253306,Ysde4KaFirk
7300,BJjj_v33mTs
1430,EUSpszWfu_w
294016,af4Ua6DUpzg
158999,fLOeH-Oq_1Y
157832,LGM5rq_vX4U
518452,_bfqsNh6U7c
293310,yUj2xIcOUSM
127517,UI7Bhq2zDb8
9726,bKKrLj5ZHiM
291984,Zr86uisFYsI
297725,CmscmzjFLdc
129670,YvW_DmfKfSk
44147,PmS3ePcA6VU
11823,0fKtglMo5qw
209451,tL2iILHUsG0
9621,75TKB0299b0
11386,8vs_4-QQACo
306745,-N-NTx46K_g
332340,mMHejG4lPHs
226448,cs_Z2OyqW5A
74387,Qi2gCqeTVw0
14784,OTn5XUFP_iA
11973,-yfIoHXOO9E
530723,mk0khHCMTYE
112336,_Uw6fweoB8E
407806,K6IXQbXPO3I
7211,8XageyLtu7g
505379,LFVhB54UqvQ
1439,xHPoKOi1XcM
501,uWA7GtDmNFU
48572,uJ1v6oFHefc
13932,D9JkGNhwxb0
8881,fqTw2dtVQzw
4953,62CZL9Rhz8Y
14359,ie4LuDp6HUs
92591,pQ5YN5epsaw
8066,L6GGsl6XUNU
21641,PUKKbJdZdSo
74306,yruArw21EGA
2755,G-dafG40eGU
41602,YKzWBjENRwc
49020,6CAntLzsQ74
5955,jTf_2OKsXKk
12117,zdSZaTBWQqw
2355,yzQYokimcg0
502682,LDxgPIsv6sY
354216,XpRnCZQWqDU
83564,igqGdTQIX30
9962,RunNPar6Qog
10354,0sJ7Yt5oRUs
84334,tDw7OqVBT-w
9905,TMsszfMBq6o
2292,Mlfn5n-E2WE
140420,mM6cLnscmO8
267192,xZ_IsVxIPTc
8669,K86p21Th4qs
883,mM6Mpn0-eyQ
71688,IKPltuiEVJ8
12797,hcvAwHA7usc
555850,km7gv28_uX0
9740,Lr3OavheNu0
264656,SAYQklUPLBI
951,mwXwHR3mQ8c
528888,Ws1YIKsuTjQ
2639,WwXOol3hRUg
39210,iEga7Hz9a3U
10362,8xpmtjOsysM
3291,Pv4s0wdDOK0
9372,GRPSeVyrd68
286192,GzZezqJ9VgI
293299,qbAYLAbhyxc
64720,hUraDx3oFVg
339095,gdWxGwiuhnU
922,VsUxQHq5BjA
9270,8729908
551332,ZX2pRcBWOkA
60420,yx2CVSnQwZA
223485,pFfsTsdJfF8
9716,OX4KA59-bTk
11660,yXOTD4y-SCc
1777,lQm4efsmVGA
80767,heWRagwzVPo
16608,G7V-CW_SUos
60599,UmJSV9ePx7c
25941,zA_fB1SbtHQ
127560,bbS_dYEwf2M
514754,vnaLgPW9LbM
198287,QQJge9ZNEWs
9777,136545302
55420,N8hEwMMDtFY
242090,jCOvhojlZzQ
157847,CUGBSepDBRw
10360,K9IiUbBV4zc
87496,FZ4CTyDwoPM
169813,Cook_OOKWlw
567860,uZ0KNVU2fV0
611213,Zt9v3f35l5Y
145197,5U9KmAlrEXU
11044,5xgHBIHUqfc
321751,I7-c66mbzXA
13060,PjNNcfPZaKE
14375,i7970XJ_HKk
308084,ALSwWTb88ZU
10569,MAWsmINQqJk
340,tSUOYY4oukc
13685,JJPQ-NnjZR0
244458,3hQpV9Q0A7E
2779,DhDTgPfMINo
244772,nhULZJDXLaE
84332,73jSnAs7mq8
284689,e3e2nNNJ7-4
302528,liTcWpjYQjM
75761,_rvkyNABa78
414425,vAZWhFI9lLQ
246860,PbVHlm7RcDs
251516,5PwtSA1aKG4
19833,NUB7Lhx_0ao
11499,O9S1RKNgdLw
1548,4WmCBRkWJ54
584,ZZGkV_xWGw4
84329,a_gAJk_CfPI
10276,ptmP1lziJw4
146015,FraVFzkBqTM
10778,htxvLcSnOU0
10707,JRkK5n2mkvg
98548,0OVGAOJ7N-c
84175,pvqZzSMIZa0
52015,xN6_TlQmV5A
39452,oHJBdDSTbLw
53487,q0ryRwKkKI4
311291,qXAnjA9tAnQ
13930,2VyPPDpT2xU
244509,J5S7wFUvaCg
713776,n18AbC8qfiw
67913,iJxBKglv2zw
353571,rFh50BNlc7c
14048,YW1b3G2MN3Q
171372,-catC4tBVyY
82532,yA1w_eX0XsY
308,aRWaJ_CqqVg
9799,ZsJz2TJAPjw
44835,jkKjafEIebw
429203,d7rlUe-Thvk
13676,mn5siGJsenU
331,vquK7rYmNS4
330,GLhXebP1cek
1248,7LnMX1jgfRE
9533,VQvuC7_qgTE
455661,0pauY5cgRU4
11798,SfoJx6t97RE
49538,UrbHykKUfTM
771,0iNmVVlmmv8
173897,jbtmW3ydOkU
11831,BJFDOvGMD0U
35791,SRRN6MvCdeg
36657,VNxwlx6etXI
